email,password,role,created_at
"aria.roberts@tempmail123.com","$2a$10$EblZqNptyYvcLm/VwDCVAuBjzZOI7khzdyGPBr08PpIi0na624b8.",CUSTOMER,2026-01-24 23:36:45.211
"henry.adams@tempmail123.com","$2a$10$EblZqNptyYvcLm/VwDCVAuBjzZOI7khzdyGPBr08PpIi0na624b8.",CUSTOMER,2026-01-25 05:57:32.093
"ellie.stewart@tempmail123.com","$2a$10$EblZqNptyYvcLm/VwDCVAuBjzZOI7khzdyGPBr08PpIi0na624b8.",CUSTOMER,2026-01-25 12:29:08.155
"benjamin.foster@tempmail123.com","$2a$10$EblZqNptyYvcLm/VwDCVAuBjzZOI7khzdyGPBr08PpIi0na624b8.",CUSTOMER,2026-01-25 10:34:08.781
"dylan.wells@tempmail123.com","$2a$10$EblZqNptyYvcLm/VwDCVAuBjzZOI7khzdyGPBr08PpIi0na624b8.",CUSTOMER,2026-01-25 11:41:52.238
"layla.young@tempmail123.com","$2a$10$EblZqNptyYvcLm/VwDCVAuBjzZOI7khzdyGPBr08PpIi0na624b8.",CUSTOMER,2026-01-25 16:20:36.061
"samantha.howard@tempmail123.com","$2a$10$EblZqNptyYvcLm/VwDCVAuBjzZOI7khzdyGPBr08PpIi0na624b8.",CUSTOMER,2026-01-25 08:52:32.670
"sadie.morales@tempmail123.com","$2a$10$EblZqNptyYvcLm/VwDCVAuBjzZOI7khzdyGPBr08PpIi0na624b8.",CUSTOMER,2026-01-25 10:21:02.172
"benjamin.wilson@tempmail123.com","$2a$10$EblZqNptyYvcLm/VwDCVAuBjzZOI7khzdyGPBr08PpIi0na624b8.",CUSTOMER,2026-01-25 01:46:47.284
"sophia.brown@tempmail123.com","$2a$10$EblZqNptyYvcLm/VwDCVAuBjzZOI7khzdyGPBr08PpIi0na624b8.",CUSTOMER,2026-01-25 06:44:49.894
"madison.stewart@tempmail123.com","$2a$10$EblZqNptyYvcLm/VwDCVAuBjzZOI7khzdyGPBr08PpIi0na624b8.",CUSTOMER,2026-01-25 12:22:37.385
"brayden.fleming@tempmail123.com","$2a$10$EblZqNptyYvcLm/VwDCVAuBjzZOI7khzdyGPBr08PpIi0na624b8.",CUSTOMER,2026-01-24 20:58:29.947
"alexander.jones@tempmail123.com","$2a$10$EblZqNptyYvcLm/VwDCVAuBjzZOI7khzdyGPBr08PpIi0na624b8.",CUSTOMER,2026-01-25 12:48:59.325
"charlotte.davis@tempmail123.com","$2a$10$EblZqNptyYvcLm/VwDCVAuBjzZOI7khzdyGPBr08PpIi0na624b8.",CUSTOMER,2026-01-25 15:55:53.800
"harper.turner@tempmail123.com","$2a$10$EblZqNptyYvcLm/VwDCVAuBjzZOI7khzdyGPBr08PpIi0na624b8.",CUSTOMER,2026-01-25 13:01:22.675
"austin.hudson@tempmail123.com","$2a$10$EblZqNptyYvcLm/VwDCVAuBjzZOI7khzdyGPBr08PpIi0na624b8.",CUSTOMER,2026-01-25 13:46:19.660
"mason.wright@tempmail123.com","$2a$10$EblZqNptyYvcLm/VwDCVAuBjzZOI7khzdyGPBr08PpIi0na624b8.",CUSTOMER,2026-01-25 17:02:03.633
"levi.hicks@tempmail123.com","$2a$10$EblZqNptyYvcLm/VwDCVAuBjzZOI7khzdyGPBr08PpIi0na624b8.",CUSTOMER,2026-01-24 19:42:44.045
"james.garcia@tempmail123.com","$2a$10$EblZqNptyYvcLm/VwDCVAuBjzZOI7khzdyGPBr08PpIi0na624b8.",CUSTOMER,2026-01-24 19:31:16.559
"oscar.powers@tempmail123.com","$2a$10$EblZqNptyYvcLm/VwDCVAuBjzZOI7khzdyGPBr08PpIi0na624b8.",CUSTOMER,2026-01-25 03:55:19.867
"nora.russell@tempmail123.com","$2a$10$EblZqNptyYvcLm/VwDCVAuBjzZOI7khzdyGPBr08PpIi0na624b8.",CUSTOMER,2026-01-25 02:37:38.887
"henry.hill@tempmail123.com","$2a$10$EblZqNptyYvcLm/VwDCVAuBjzZOI7khzdyGPBr08PpIi0na624b8.",CUSTOMER,2026-01-25 10:50:20.780
"vivian.carter@tempmail123.com","$2a$10$EblZqNptyYvcLm/VwDCVAuBjzZOI7khzdyGPBr08PpIi0na624b8.",CUSTOMER,2026-01-25 16:50:45.204
"harper.king@tempmail123.com","$2a$10$EblZqNptyYvcLm/VwDCVAuBjzZOI7khzdyGPBr08PpIi0na624b8.",CUSTOMER,2026-01-25 12:16:59.996
"addison.wright@tempmail123.com","$2a$10$EblZqNptyYvcLm/VwDCVAuBjzZOI7khzdyGPBr08PpIi0na624b8.",CUSTOMER,2026-01-25 05:44:59.744
"max.russell@tempmail123.com","$2a$10$EblZqNptyYvcLm/VwDCVAuBjzZOI7khzdyGPBr08PpIi0na624b8.",CUSTOMER,2026-01-25 02:52:09.757
"avery.perez@tempmail123.com","$2a$10$EblZqNptyYvcLm/VwDCVAuBjzZOI7khzdyGPBr08PpIi0na624b8.",CUSTOMER,2026-01-25 04:52:15.529
"mateo.nguyen@tempmail123.com","$2a$10$EblZqNptyYvcLm/VwDCVAuBjzZOI7khzdyGPBr08PpIi0na624b8.",CUSTOMER,2026-01-25 03:18:38.236
"aurora.rodriguez@tempmail123.com","$2a$10$EblZqNptyYvcLm/VwDCVAuBjzZOI7khzdyGPBr08PpIi0na624b8.",CUSTOMER,2026-01-24 20:23:03.976
"victoria.mcdonald@tempmail123.com","$2a$10$EblZqNptyYvcLm/VwDCVAuBjzZOI7khzdyGPBr08PpIi0na624b8.",CUSTOMER,2026-01-25 10:16:27.345
"sophia.jones@tempmail123.com","$2a$10$EblZqNptyYvcLm/VwDCVAuBjzZOI7khzdyGPBr08PpIi0na624b8.",CUSTOMER,2026-01-24 22:27:53.276
"william.lopez@tempmail123.com","$2a$10$EblZqNptyYvcLm/VwDCVAuBjzZOI7khzdyGPBr08PpIi0na624b8.",CUSTOMER,2026-01-25 06:38:57.546
"connor.baker@tempmail123.com","$2a$10$EblZqNptyYvcLm/VwDCVAuBjzZOI7khzdyGPBr08PpIi0na624b8.",CUSTOMER,2026-01-25 00:49:03.266
"jackson.morales@tempmail123.com","$2a$10$EblZqNptyYvcLm/VwDCVAuBjzZOI7khzdyGPBr08PpIi0na624b8.",CUSTOMER,2026-01-25 14:54:34.675
"scarlett.wright@tempmail123.com","$2a$10$EblZqNptyYvcLm/VwDCVAuBjzZOI7khzdyGPBr08PpIi0na624b8.",CUSTOMER,2026-01-25 00:48:29.386
"nova.cooper@tempmail123.com","$2a$10$EblZqNptyYvcLm/VwDCVAuBjzZOI7khzdyGPBr08PpIi0na624b8.",CUSTOMER,2026-01-24 18:59:55.949
"emily.johnson@tempmail123.com","$2a$10$EblZqNptyYvcLm/VwDCVAuBjzZOI7khzdyGPBr08PpIi0na624b8.",CUSTOMER,2026-01-24 22:16:04.883
"brandon.collins@tempmail123.com","$2a$10$EblZqNptyYvcLm/VwDCVAuBjzZOI7khzdyGPBr08PpIi0na624b8.",CUSTOMER,2026-01-24 18:35:34.503
"madison.collins@tempmail123.com","$2a$10$EblZqNptyYvcLm/VwDCVAuBjzZOI7khzdyGPBr08PpIi0na624b8.",CUSTOMER,2026-01-25 15:44:28.649
"eleanor.tyler@tempmail123.com","$2a$10$EblZqNptyYvcLm/VwDCVAuBjzZOI7khzdyGPBr08PpIi0na624b8.",CUSTOMER,2026-01-24 20:43:59.900
"james.davis@tempmail123.com","$2a$10$EblZqNptyYvcLm/VwDCVAuBjzZOI7khzdyGPBr08PpIi0na624b8.",CUSTOMER,2026-01-24 20:00:44.795
"layla.sullivan@tempmail123.com","$2a$10$EblZqNptyYvcLm/VwDCVAuBjzZOI7khzdyGPBr08PpIi0na624b8.",CUSTOMER,2026-01-24 19:36:43.395
"zoe.bennett@tempmail123.com","$2a$10$EblZqNptyYvcLm/VwDCVAuBjzZOI7khzdyGPBr08PpIi0na624b8.",CUSTOMER,2026-01-24 23:12:45.399
"adrian.flores@tempmail123.com","$2a$10$EblZqNptyYvcLm/VwDCVAuBjzZOI7khzdyGPBr08PpIi0na624b8.",CUSTOMER,2026-01-24 19:38:44.751
"jacob.cooper@tempmail123.com","$2a$10$EblZqNptyYvcLm/VwDCVAuBjzZOI7khzdyGPBr08PpIi0na624b8.",CUSTOMER,2026-01-25 11:18:14.497
"gabriel.bailey@tempmail123.com","$2a$10$EblZqNptyYvcLm/VwDCVAuBjzZOI7khzdyGPBr08PpIi0na624b8.",CUSTOMER,2026-01-25 16:11:40.367
"eli.bennett@tempmail123.com","$2a$10$EblZqNptyYvcLm/VwDCVAuBjzZOI7khzdyGPBr08PpIi0na624b8.",CUSTOMER,2026-01-25 10:19:14.621
"ariana.ross@tempmail123.com","$2a$10$EblZqNptyYvcLm/VwDCVAuBjzZOI7khzdyGPBr08PpIi0na624b8.",CUSTOMER,2026-01-25 10:08:31.911
"ava.harris@tempmail123.com","$2a$10$EblZqNptyYvcLm/VwDCVAuBjzZOI7khzdyGPBr08PpIi0na624b8.",CUSTOMER,2026-01-24 23:43:50.506
"evelyn.walker@tempmail123.com","$2a$10$EblZqNptyYvcLm/VwDCVAuBjzZOI7khzdyGPBr08PpIi0na624b8.",CUSTOMER,2026-01-25 17:07:15.241
"evelyn.sanchez@tempmail123.com","$2a$10$EblZqNptyYvcLm/VwDCVAuBjzZOI7khzdyGPBr08PpIi0na624b8.",CUSTOMER,2026-01-25 08:57:06.481
"mateo.bennett@tempmail123.com","$2a$10$EblZqNptyYvcLm/VwDCVAuBjzZOI7khzdyGPBr08PpIi0na624b8.",CUSTOMER,2026-01-25 13:09:35.807
"isaac.lawrence@tempmail123.com","$2a$10$EblZqNptyYvcLm/VwDCVAuBjzZOI7khzdyGPBr08PpIi0na624b8.",CUSTOMER,2026-01-25 07:52:19.267
"noah.hernandez@tempmail123.com","$2a$10$EblZqNptyYvcLm/VwDCVAuBjzZOI7khzdyGPBr08PpIi0na624b8.",CUSTOMER,2026-01-25 06:04:24.030
"olivia.wilson@tempmail123.com","$2a$10$EblZqNptyYvcLm/VwDCVAuBjzZOI7khzdyGPBr08PpIi0na624b8.",CUSTOMER,2026-01-24 18:37:05.279
"lucas.gray@tempmail123.com","$2a$10$EblZqNptyYvcLm/VwDCVAuBjzZOI7khzdyGPBr08PpIi0na624b8.",CUSTOMER,2026-01-24 20:28:44.218
"jonathan.pierce@tempmail123.com","$2a$10$EblZqNptyYvcLm/VwDCVAuBjzZOI7khzdyGPBr08PpIi0na624b8.",CUSTOMER,2026-01-25 05:41:51.628
"emma.miller@tempmail123.com","$2a$10$EblZqNptyYvcLm/VwDCVAuBjzZOI7khzdyGPBr08PpIi0na624b8.",CUSTOMER,2026-01-25 00:48:10.866
"julian.newton@tempmail123.com","$2a$10$EblZqNptyYvcLm/VwDCVAuBjzZOI7khzdyGPBr08PpIi0na624b8.",CUSTOMER,2026-01-25 16:20:21.606
"jack.ward@tempmail123.com","$2a$10$EblZqNptyYvcLm/VwDCVAuBjzZOI7khzdyGPBr08PpIi0na624b8.",CUSTOMER,2026-01-24 20:44:52.302
"amelia.perez@tempmail123.com","$2a$10$EblZqNptyYvcLm/VwDCVAuBjzZOI7khzdyGPBr08PpIi0na624b8.",CUSTOMER,2026-01-24 18:50:33.031
"natalie.harris@tempmail123.com","$2a$10$EblZqNptyYvcLm/VwDCVAuBjzZOI7khzdyGPBr08PpIi0na624b8.",CUSTOMER,2026-01-24 22:11:45.420
"mia.miller@tempmail123.com","$2a$10$EblZqNptyYvcLm/VwDCVAuBjzZOI7khzdyGPBr08PpIi0na624b8.",CUSTOMER,2026-01-24 22:00:13.872
"william.gonzalez@tempmail123.com","$2a$10$EblZqNptyYvcLm/VwDCVAuBjzZOI7khzdyGPBr08PpIi0na624b8.",CUSTOMER,2026-01-24 18:32:20.575
"lucas.gordon@tempmail123.com","$2a$10$EblZqNptyYvcLm/VwDCVAuBjzZOI7khzdyGPBr08PpIi0na624b8.",CUSTOMER,2026-01-25 03:36:54.095
"harper.kelly@tempmail123.com","$2a$10$EblZqNptyYvcLm/VwDCVAuBjzZOI7khzdyGPBr08PpIi0na624b8.",CUSTOMER,2026-01-24 19:48:28.936
"ava.taylor@tempmail123.com","$2a$10$EblZqNptyYvcLm/VwDCVAuBjzZOI7khzdyGPBr08PpIi0na624b8.",CUSTOMER,2026-01-25 11:23:41.243
"lily.torres@tempmail123.com","$2a$10$EblZqNptyYvcLm/VwDCVAuBjzZOI7khzdyGPBr08PpIi0na624b8.",CUSTOMER,2026-01-24 21:24:13.108
"clara.berry@tempmail123.com","$2a$10$EblZqNptyYvcLm/VwDCVAuBjzZOI7khzdyGPBr08PpIi0na624b8.",CUSTOMER,2026-01-24 18:27:41.297
"logan.lee@tempmail123.com","$2a$10$EblZqNptyYvcLm/VwDCVAuBjzZOI7khzdyGPBr08PpIi0na624b8.",CUSTOMER,2026-01-25 07:23:47.007
"carter.baker@tempmail123.com","$2a$10$EblZqNptyYvcLm/VwDCVAuBjzZOI7khzdyGPBr08PpIi0na624b8.",CUSTOMER,2026-01-25 12:58:41.885
"samantha.martinez@tempmail123.com","$2a$10$EblZqNptyYvcLm/VwDCVAuBjzZOI7khzdyGPBr08PpIi0na624b8.",CUSTOMER,2026-01-25 12:09:29.664
"evelyn.gonzalez@tempmail123.com","$2a$10$EblZqNptyYvcLm/VwDCVAuBjzZOI7khzdyGPBr08PpIi0na624b8.",CUSTOMER,2026-01-25 11:55:38.250
"bella.grant@tempmail123.com","$2a$10$EblZqNptyYvcLm/VwDCVAuBjzZOI7khzdyGPBr08PpIi0na624b8.",CUSTOMER,2026-01-25 00:14:36.207
"asher.scott@tempmail123.com","$2a$10$EblZqNptyYvcLm/VwDCVAuBjzZOI7khzdyGPBr08PpIi0na624b8.",CUSTOMER,2026-01-25 07:17:53.518
"aubrey.gutierrez@tempmail123.com","$2a$10$EblZqNptyYvcLm/VwDCVAuBjzZOI7khzdyGPBr08PpIi0na624b8.",CUSTOMER,2026-01-25 10:39:52.546
"ruby.andrews@tempmail123.com","$2a$10$EblZqNptyYvcLm/VwDCVAuBjzZOI7khzdyGPBr08PpIi0na624b8.",CUSTOMER,2026-01-25 07:19:35.727
"grayson.coleman@tempmail123.com","$2a$10$EblZqNptyYvcLm/VwDCVAuBjzZOI7khzdyGPBr08PpIi0na624b8.",CUSTOMER,2026-01-25 05:01:47.325
"eleanor.collins@tempmail123.com","$2a$10$EblZqNptyYvcLm/VwDCVAuBjzZOI7khzdyGPBr08PpIi0na624b8.",CUSTOMER,2026-01-25 02:23:42.667
"lillian.bishop@tempmail123.com","$2a$10$EblZqNptyYvcLm/VwDCVAuBjzZOI7khzdyGPBr08PpIi0na624b8.",CUSTOMER,2026-01-24 20:16:55.415
"lucas.ramirez@tempmail123.com","$2a$10$EblZqNptyYvcLm/VwDCVAuBjzZOI7khzdyGPBr08PpIi0na624b8.",CUSTOMER,2026-01-25 15:20:28.770
"scarlett.bowman@tempmail123.com","$2a$10$EblZqNptyYvcLm/VwDCVAuBjzZOI7khzdyGPBr08PpIi0na624b8.",CUSTOMER,2026-01-25 12:21:29.348
"aurora.barnes@tempmail123.com","$2a$10$EblZqNptyYvcLm/VwDCVAuBjzZOI7khzdyGPBr08PpIi0na624b8.",CUSTOMER,2026-01-25 11:47:14.690
"aurora.lawson@tempmail123.com","$2a$10$EblZqNptyYvcLm/VwDCVAuBjzZOI7khzdyGPBr08PpIi0na624b8.",CUSTOMER,2026-01-25 00:07:20.030
"alice.smith@tempmail123.com","$2a$10$EblZqNptyYvcLm/VwDCVAuBjzZOI7khzdyGPBr08PpIi0na624b8.",CUSTOMER,2026-01-24 23:46:21.474
"aria.ferguson@tempmail123.com","$2a$10$EblZqNptyYvcLm/VwDCVAuBjzZOI7khzdyGPBr08PpIi0na624b8.",CUSTOMER,2026-01-25 01:29:39.100
"jaxon.barnes@tempmail123.com","$2a$10$EblZqNptyYvcLm/VwDCVAuBjzZOI7khzdyGPBr08PpIi0na624b8.",CUSTOMER,2026-01-24 20:39:09.010
"brayden.hill@tempmail123.com","$2a$10$EblZqNptyYvcLm/VwDCVAuBjzZOI7khzdyGPBr08PpIi0na624b8.",CUSTOMER,2026-01-24 18:08:01.803
"hazel.evans@tempmail123.com","$2a$10$EblZqNptyYvcLm/VwDCVAuBjzZOI7khzdyGPBr08PpIi0na624b8.",CUSTOMER,2026-01-25 03:45:32.547
"harper.garcia@tempmail123.com","$2a$10$EblZqNptyYvcLm/VwDCVAuBjzZOI7khzdyGPBr08PpIi0na624b8.",CUSTOMER,2026-01-25 15:46:00.460
"luna.perez@tempmail123.com","$2a$10$EblZqNptyYvcLm/VwDCVAuBjzZOI7khzdyGPBr08PpIi0na624b8.",CUSTOMER,2026-01-25 02:35:08.275
"elijah.cruz@tempmail123.com","$2a$10$EblZqNptyYvcLm/VwDCVAuBjzZOI7khzdyGPBr08PpIi0na624b8.",CUSTOMER,2026-01-25 07:09:25.899
"tristan.scott@tempmail123.com","$2a$10$EblZqNptyYvcLm/VwDCVAuBjzZOI7khzdyGPBr08PpIi0na624b8.",CUSTOMER,2026-01-24 21:37:12.701
"natalie.price@tempmail123.com","$2a$10$EblZqNptyYvcLm/VwDCVAuBjzZOI7khzdyGPBr08PpIi0na624b8.",CUSTOMER,2026-01-25 10:14:40.189
"tyler.davis@tempmail123.com","$2a$10$EblZqNptyYvcLm/VwDCVAuBjzZOI7khzdyGPBr08PpIi0na624b8.",CUSTOMER,2026-01-25 13:27:15.198
"aaliyah.hanson@tempmail123.com","$2a$10$EblZqNptyYvcLm/VwDCVAuBjzZOI7khzdyGPBr08PpIi0na624b8.",CUSTOMER,2026-01-25 08:29:56.039
"caleb.perkins@tempmail123.com","$2a$10$EblZqNptyYvcLm/VwDCVAuBjzZOI7khzdyGPBr08PpIi0na624b8.",CUSTOMER,2026-01-25 12:20:04.327
"savannah.gomez@tempmail123.com","$2a$10$EblZqNptyYvcLm/VwDCVAuBjzZOI7khzdyGPBr08PpIi0na624b8.",CUSTOMER,2026-01-25 08:32:03.186
"aria.parker@tempmail123.com","$2a$10$EblZqNptyYvcLm/VwDCVAuBjzZOI7khzdyGPBr08PpIi0na624b8.",CUSTOMER,2026-01-25 03:52:52.536
"hannah.robinson@tempmail123.com","$2a$10$EblZqNptyYvcLm/VwDCVAuBjzZOI7khzdyGPBr08PpIi0na624b8.",CUSTOMER,2026-01-25 16:32:10.459
"stella.hughes@tempmail123.com","$2a$10$EblZqNptyYvcLm/VwDCVAuBjzZOI7khzdyGPBr08PpIi0na624b8.",CUSTOMER,2026-01-25 15:47:46.228
"miles.stevenson@tempmail123.com","$2a$10$EblZqNptyYvcLm/VwDCVAuBjzZOI7khzdyGPBr08PpIi0na624b8.",CUSTOMER,2026-01-25 01:34:35.673
"chloe.morales@tempmail123.com","$2a$10$EblZqNptyYvcLm/VwDCVAuBjzZOI7khzdyGPBr08PpIi0na624b8.",CUSTOMER,2026-01-25 07:42:51.476
"nolan.bryant@tempmail123.com","$2a$10$EblZqNptyYvcLm/VwDCVAuBjzZOI7khzdyGPBr08PpIi0na624b8.",CUSTOMER,2026-01-25 07:46:37.929
"ethan.thompson@tempmail123.com","$2a$10$EblZqNptyYvcLm/VwDCVAuBjzZOI7khzdyGPBr08PpIi0na624b8.",CUSTOMER,2026-01-24 19:26:26.114
"jace.smith@tempmail123.com","$2a$10$EblZqNptyYvcLm/VwDCVAuBjzZOI7khzdyGPBr08PpIi0na624b8.",CUSTOMER,2026-01-25 01:59:54.233
"michael.johnson@tempmail123.com","$2a$10$EblZqNptyYvcLm/VwDCVAuBjzZOI7khzdyGPBr08PpIi0na624b8.",CUSTOMER,2026-01-25 06:01:28.403
"owen.sullivan@tempmail123.com","$2a$10$EblZqNptyYvcLm/VwDCVAuBjzZOI7khzdyGPBr08PpIi0na624b8.",CUSTOMER,2026-01-24 20:30:31.079
"evan.wright@tempmail123.com","$2a$10$EblZqNptyYvcLm/VwDCVAuBjzZOI7khzdyGPBr08PpIi0na624b8.",CUSTOMER,2026-01-25 10:08:57.634
"avery.carter@tempmail123.com","$2a$10$EblZqNptyYvcLm/VwDCVAuBjzZOI7khzdyGPBr08PpIi0na624b8.",CUSTOMER,2026-01-25 09:17:02.574
"christian.perez@tempmail123.com","$2a$10$EblZqNptyYvcLm/VwDCVAuBjzZOI7khzdyGPBr08PpIi0na624b8.",CUSTOMER,2026-01-25 13:47:32.246
"jackson.evans@tempmail123.com","$2a$10$EblZqNptyYvcLm/VwDCVAuBjzZOI7khzdyGPBr08PpIi0na624b8.",CUSTOMER,2026-01-25 07:07:22.051
"mia.rodriguez@tempmail123.com","$2a$10$EblZqNptyYvcLm/VwDCVAuBjzZOI7khzdyGPBr08PpIi0na624b8.",CUSTOMER,2026-01-25 14:06:45.800
"julian.james@tempmail123.com","$2a$10$EblZqNptyYvcLm/VwDCVAuBjzZOI7khzdyGPBr08PpIi0na624b8.",CUSTOMER,2026-01-24 19:47:17.462
"evan.reed@tempmail123.com","$2a$10$EblZqNptyYvcLm/VwDCVAuBjzZOI7khzdyGPBr08PpIi0na624b8.",CUSTOMER,2026-01-25 03:23:13.115
"leo.rivera@tempmail123.com","$2a$10$EblZqNptyYvcLm/VwDCVAuBjzZOI7khzdyGPBr08PpIi0na624b8.",CUSTOMER,2026-01-25 06:49:00.375
"grace.perry@tempmail123.com","$2a$10$EblZqNptyYvcLm/VwDCVAuBjzZOI7khzdyGPBr08PpIi0na624b8.",CUSTOMER,2026-01-25 09:28:53.627
"luna.russell@tempmail123.com","$2a$10$EblZqNptyYvcLm/VwDCVAuBjzZOI7khzdyGPBr08PpIi0na624b8.",CUSTOMER,2026-01-24 19:54:06.022
"aria.flores@tempmail123.com","$2a$10$EblZqNptyYvcLm/VwDCVAuBjzZOI7khzdyGPBr08PpIi0na624b8.",CUSTOMER,2026-01-24 23:24:06.011
"gabriel.mitchell@tempmail123.com","$2a$10$EblZqNptyYvcLm/VwDCVAuBjzZOI7khzdyGPBr08PpIi0na624b8.",CUSTOMER,2026-01-25 08:55:24.776
"elena.long@tempmail123.com","$2a$10$EblZqNptyYvcLm/VwDCVAuBjzZOI7khzdyGPBr08PpIi0na624b8.",CUSTOMER,2026-01-24 19:38:23.099
"zoe.nicholson@tempmail123.com","$2a$10$EblZqNptyYvcLm/VwDCVAuBjzZOI7khzdyGPBr08PpIi0na624b8.",CUSTOMER,2026-01-25 09:41:47.759
"claire.foster@tempmail123.com","$2a$10$EblZqNptyYvcLm/VwDCVAuBjzZOI7khzdyGPBr08PpIi0na624b8.",CUSTOMER,2026-01-25 10:26:34.931
"hannah.howard@tempmail123.com","$2a$10$EblZqNptyYvcLm/VwDCVAuBjzZOI7khzdyGPBr08PpIi0na624b8.",CUSTOMER,2026-01-24 22:49:00.153
"nathan.reed@tempmail123.com","$2a$10$EblZqNptyYvcLm/VwDCVAuBjzZOI7khzdyGPBr08PpIi0na624b8.",CUSTOMER,2026-01-25 02:18:55.543
"lincoln.kelly@tempmail123.com","$2a$10$EblZqNptyYvcLm/VwDCVAuBjzZOI7khzdyGPBr08PpIi0na624b8.",CUSTOMER,2026-01-25 12:55:44.853
"owen.fisher@tempmail123.com","$2a$10$EblZqNptyYvcLm/VwDCVAuBjzZOI7khzdyGPBr08PpIi0na624b8.",CUSTOMER,2026-01-25 15:11:36.566
"emma.wilson@tempmail123.com","$2a$10$EblZqNptyYvcLm/VwDCVAuBjzZOI7khzdyGPBr08PpIi0na624b8.",CUSTOMER,2026-01-25 14:15:26.122
"david.martinez@tempmail123.com","$2a$10$EblZqNptyYvcLm/VwDCVAuBjzZOI7khzdyGPBr08PpIi0na624b8.",CUSTOMER,2026-01-24 19:13:33.816
"cameron.perez@tempmail123.com","$2a$10$EblZqNptyYvcLm/VwDCVAuBjzZOI7khzdyGPBr08PpIi0na624b8.",CUSTOMER,2026-01-24 18:19:33.706
"liam.smith@tempmail123.com","$2a$10$EblZqNptyYvcLm/VwDCVAuBjzZOI7khzdyGPBr08PpIi0na624b8.",CUSTOMER,2026-01-25 17:21:40.288
"paisley.bell@tempmail123.com","$2a$10$EblZqNptyYvcLm/VwDCVAuBjzZOI7khzdyGPBr08PpIi0na624b8.",CUSTOMER,2026-01-25 15:53:09.723
"michael.williams@tempmail123.com","$2a$10$EblZqNptyYvcLm/VwDCVAuBjzZOI7khzdyGPBr08PpIi0na624b8.",CUSTOMER,2026-01-25 04:53:35.306
"logan.lawson@tempmail123.com","$2a$10$EblZqNptyYvcLm/VwDCVAuBjzZOI7khzdyGPBr08PpIi0na624b8.",CUSTOMER,2026-01-24 21:38:39.160
"ella.adams@tempmail123.com","$2a$10$EblZqNptyYvcLm/VwDCVAuBjzZOI7khzdyGPBr08PpIi0na624b8.",CUSTOMER,2026-01-25 06:02:57.373
"liam.gonzalez@tempmail123.com","$2a$10$EblZqNptyYvcLm/VwDCVAuBjzZOI7khzdyGPBr08PpIi0na624b8.",CUSTOMER,2026-01-25 08:54:19.152
"avery.barnes@tempmail123.com","$2a$10$EblZqNptyYvcLm/VwDCVAuBjzZOI7khzdyGPBr08PpIi0na624b8.",CUSTOMER,2026-01-25 08:43:51.155
"isabella.anderson@tempmail123.com","$2a$10$EblZqNptyYvcLm/VwDCVAuBjzZOI7khzdyGPBr08PpIi0na624b8.",CUSTOMER,2026-01-24 23:12:22.950
"ava.harrison@tempmail123.com","$2a$10$EblZqNptyYvcLm/VwDCVAuBjzZOI7khzdyGPBr08PpIi0na624b8.",CUSTOMER,2026-01-25 06:43:19.939
"nicholas.edwards@tempmail123.com","$2a$10$EblZqNptyYvcLm/VwDCVAuBjzZOI7khzdyGPBr08PpIi0na624b8.",CUSTOMER,2026-01-25 05:37:27.691
"charlotte.lopez@tempmail123.com","$2a$10$EblZqNptyYvcLm/VwDCVAuBjzZOI7khzdyGPBr08PpIi0na624b8.",CUSTOMER,2026-01-25 05:26:50.901
"cameron.burke@tempmail123.com","$2a$10$EblZqNptyYvcLm/VwDCVAuBjzZOI7khzdyGPBr08PpIi0na624b8.",CUSTOMER,2026-01-25 16:31:23.962
"nathan.dixon@tempmail123.com","$2a$10$EblZqNptyYvcLm/VwDCVAuBjzZOI7khzdyGPBr08PpIi0na624b8.",CUSTOMER,2026-01-25 15:24:22.350
"elena.baker@tempmail123.com","$2a$10$EblZqNptyYvcLm/VwDCVAuBjzZOI7khzdyGPBr08PpIi0na624b8.",CUSTOMER,2026-01-25 14:26:01.142
"eli.ward@tempmail123.com","$2a$10$EblZqNptyYvcLm/VwDCVAuBjzZOI7khzdyGPBr08PpIi0na624b8.",CUSTOMER,2026-01-25 04:42:11.394
"lucas.allen@tempmail123.com","$2a$10$EblZqNptyYvcLm/VwDCVAuBjzZOI7khzdyGPBr08PpIi0na624b8.",CUSTOMER,2026-01-25 12:11:56.402
"nolan.gonzalez@tempmail123.com","$2a$10$EblZqNptyYvcLm/VwDCVAuBjzZOI7khzdyGPBr08PpIi0na624b8.",CUSTOMER,2026-01-24 21:09:48.036
"carter.rivera@tempmail123.com","$2a$10$EblZqNptyYvcLm/VwDCVAuBjzZOI7khzdyGPBr08PpIi0na624b8.",CUSTOMER,2026-01-25 13:32:17.370
"maya.reed@tempmail123.com","$2a$10$EblZqNptyYvcLm/VwDCVAuBjzZOI7khzdyGPBr08PpIi0na624b8.",CUSTOMER,2026-01-25 12:34:37.797
"daniel.cook@tempmail123.com","$2a$10$EblZqNptyYvcLm/VwDCVAuBjzZOI7khzdyGPBr08PpIi0na624b8.",CUSTOMER,2026-01-25 07:28:10.079
"ella.cook@tempmail123.com","$2a$10$EblZqNptyYvcLm/VwDCVAuBjzZOI7khzdyGPBr08PpIi0na624b8.",CUSTOMER,2026-01-25 12:14:51.977
"christopher.west@tempmail123.com","$2a$10$EblZqNptyYvcLm/VwDCVAuBjzZOI7khzdyGPBr08PpIi0na624b8.",CUSTOMER,2026-01-25 09:02:37.409
"gabriel.hayes@tempmail123.com","$2a$10$EblZqNptyYvcLm/VwDCVAuBjzZOI7khzdyGPBr08PpIi0na624b8.",CUSTOMER,2026-01-25 13:00:01.298
"aaron.cook@tempmail123.com","$2a$10$EblZqNptyYvcLm/VwDCVAuBjzZOI7khzdyGPBr08PpIi0na624b8.",CUSTOMER,2026-01-25 11:03:43.629
"autumn.gomez@tempmail123.com","$2a$10$EblZqNptyYvcLm/VwDCVAuBjzZOI7khzdyGPBr08PpIi0na624b8.",CUSTOMER,2026-01-25 15:58:01.241
"gabriel.adams@tempmail123.com","$2a$10$EblZqNptyYvcLm/VwDCVAuBjzZOI7khzdyGPBr08PpIi0na624b8.",CUSTOMER,2026-01-24 23:00:37.733
"emily.brown@tempmail123.com","$2a$10$EblZqNptyYvcLm/VwDCVAuBjzZOI7khzdyGPBr08PpIi0na624b8.",CUSTOMER,2026-01-24 21:41:15.515
"aubrey.wagner@tempmail123.com","$2a$10$EblZqNptyYvcLm/VwDCVAuBjzZOI7khzdyGPBr08PpIi0na624b8.",CUSTOMER,2026-01-25 07:52:11.367
"caleb.nelson@tempmail123.com","$2a$10$EblZqNptyYvcLm/VwDCVAuBjzZOI7khzdyGPBr08PpIi0na624b8.",CUSTOMER,2026-01-25 06:36:19.667
"henry.turner@tempmail123.com","$2a$10$EblZqNptyYvcLm/VwDCVAuBjzZOI7khzdyGPBr08PpIi0na624b8.",CUSTOMER,2026-01-25 03:35:58.396
"penelope.harper@tempmail123.com","$2a$10$EblZqNptyYvcLm/VwDCVAuBjzZOI7khzdyGPBr08PpIi0na624b8.",CUSTOMER,2026-01-25 15:03:53.076
"alexander.hernandez@tempmail123.com","$2a$10$EblZqNptyYvcLm/VwDCVAuBjzZOI7khzdyGPBr08PpIi0na624b8.",CUSTOMER,2026-01-25 00:33:05.420
"ryan.graham@tempmail123.com","$2a$10$EblZqNptyYvcLm/VwDCVAuBjzZOI7khzdyGPBr08PpIi0na624b8.",CUSTOMER,2026-01-25 01:43:24.888
"hazel.gardner@tempmail123.com","$2a$10$EblZqNptyYvcLm/VwDCVAuBjzZOI7khzdyGPBr08PpIi0na624b8.",CUSTOMER,2026-01-24 17:26:26.602
"stella.morris@tempmail123.com","$2a$10$EblZqNptyYvcLm/VwDCVAuBjzZOI7khzdyGPBr08PpIi0na624b8.",CUSTOMER,2026-01-24 20:04:19.834
"addison.ward@tempmail123.com","$2a$10$EblZqNptyYvcLm/VwDCVAuBjzZOI7khzdyGPBr08PpIi0na624b8.",CUSTOMER,2026-01-25 10:57:34.613
"ethan.fletcher@tempmail123.com","$2a$10$EblZqNptyYvcLm/VwDCVAuBjzZOI7khzdyGPBr08PpIi0na624b8.",CUSTOMER,2026-01-25 01:32:10.781
"abigail.rivera@tempmail123.com","$2a$10$EblZqNptyYvcLm/VwDCVAuBjzZOI7khzdyGPBr08PpIi0na624b8.",CUSTOMER,2026-01-24 21:57:49.259
"penelope.king@tempmail123.com","$2a$10$EblZqNptyYvcLm/VwDCVAuBjzZOI7khzdyGPBr08PpIi0na624b8.",CUSTOMER,2026-01-24 19:02:30.480
"hunter.gordon@tempmail123.com","$2a$10$EblZqNptyYvcLm/VwDCVAuBjzZOI7khzdyGPBr08PpIi0na624b8.",CUSTOMER,2026-01-25 07:38:51.173
"luke.cooper@tempmail123.com","$2a$10$EblZqNptyYvcLm/VwDCVAuBjzZOI7khzdyGPBr08PpIi0na624b8.",CUSTOMER,2026-01-25 07:36:46.725
"logan.torres@tempmail123.com","$2a$10$EblZqNptyYvcLm/VwDCVAuBjzZOI7khzdyGPBr08PpIi0na624b8.",CUSTOMER,2026-01-24 20:36:09.996
"liam.garcia@tempmail123.com","$2a$10$EblZqNptyYvcLm/VwDCVAuBjzZOI7khzdyGPBr08PpIi0na624b8.",CUSTOMER,2026-01-24 23:33:06.399
"mason.parker@tempmail123.com","$2a$10$EblZqNptyYvcLm/VwDCVAuBjzZOI7khzdyGPBr08PpIi0na624b8.",CUSTOMER,2026-01-25 00:01:50.303
"mason.pearson@tempmail123.com","$2a$10$EblZqNptyYvcLm/VwDCVAuBjzZOI7khzdyGPBr08PpIi0na624b8.",CUSTOMER,2026-01-25 09:08:16.192
"leah.henderson@tempmail123.com","$2a$10$EblZqNptyYvcLm/VwDCVAuBjzZOI7khzdyGPBr08PpIi0na624b8.",CUSTOMER,2026-01-24 20:36:08.136
"mila.hernandez@tempmail123.com","$2a$10$EblZqNptyYvcLm/VwDCVAuBjzZOI7khzdyGPBr08PpIi0na624b8.",CUSTOMER,2026-01-25 16:54:07.749
"mateo.perez@tempmail123.com","$2a$10$EblZqNptyYvcLm/VwDCVAuBjzZOI7khzdyGPBr08PpIi0na624b8.",CUSTOMER,2026-01-25 02:26:05.955
"aubrey.garcia@tempmail123.com","$2a$10$EblZqNptyYvcLm/VwDCVAuBjzZOI7khzdyGPBr08PpIi0na624b8.",CUSTOMER,2026-01-25 04:44:26.760
"xavier.wright@tempmail123.com","$2a$10$EblZqNptyYvcLm/VwDCVAuBjzZOI7khzdyGPBr08PpIi0na624b8.",CUSTOMER,2026-01-25 03:02:10.581
"nicholas.bailey@tempmail123.com","$2a$10$EblZqNptyYvcLm/VwDCVAuBjzZOI7khzdyGPBr08PpIi0na624b8.",CUSTOMER,2026-01-24 18:20:24.607
"aaliyah.martinez@tempmail123.com","$2a$10$EblZqNptyYvcLm/VwDCVAuBjzZOI7khzdyGPBr08PpIi0na624b8.",CUSTOMER,2026-01-25 00:25:09.142
"lillian.simmons@tempmail123.com","$2a$10$EblZqNptyYvcLm/VwDCVAuBjzZOI7khzdyGPBr08PpIi0na624b8.",CUSTOMER,2026-01-25 02:11:55.886
"grace.green@tempmail123.com","$2a$10$EblZqNptyYvcLm/VwDCVAuBjzZOI7khzdyGPBr08PpIi0na624b8.",CUSTOMER,2026-01-25 02:30:23.470
"avery.scott@tempmail123.com","$2a$10$EblZqNptyYvcLm/VwDCVAuBjzZOI7khzdyGPBr08PpIi0na624b8.",CUSTOMER,2026-01-25 12:42:53.994
"isabella.jackson@tempmail123.com","$2a$10$EblZqNptyYvcLm/VwDCVAuBjzZOI7khzdyGPBr08PpIi0na624b8.",CUSTOMER,2026-01-24 23:57:23.067
"max.parker@tempmail123.com","$2a$10$EblZqNptyYvcLm/VwDCVAuBjzZOI7khzdyGPBr08PpIi0na624b8.",CUSTOMER,2026-01-25 11:02:42.141
"bella.gonzalez@tempmail123.com","$2a$10$EblZqNptyYvcLm/VwDCVAuBjzZOI7khzdyGPBr08PpIi0na624b8.",CUSTOMER,2026-01-24 19:13:30.246
"zachary.lee@tempmail123.com","$2a$10$EblZqNptyYvcLm/VwDCVAuBjzZOI7khzdyGPBr08PpIi0na624b8.",CUSTOMER,2026-01-25 11:02:08.558
"leah.gutierrez@tempmail123.com","$2a$10$EblZqNptyYvcLm/VwDCVAuBjzZOI7khzdyGPBr08PpIi0na624b8.",CUSTOMER,2026-01-24 19:51:41.324
"noah.lewis@tempmail123.com","$2a$10$EblZqNptyYvcLm/VwDCVAuBjzZOI7khzdyGPBr08PpIi0na624b8.",CUSTOMER,2026-01-25 08:58:17.578