product_id,url,position
1,https://cdn.dummyjson.com/product-images/beauty/essence-mascara-lash-princess/1.webp,1
2,https://cdn.dummyjson.com/product-images/beauty/eyeshadow-palette-with-mirror/1.webp,1
3,https://cdn.dummyjson.com/product-images/beauty/powder-canister/1.webp,1
4,https://cdn.dummyjson.com/product-images/beauty/red-lipstick/1.webp,1
5,https://cdn.dummyjson.com/product-images/beauty/red-nail-polish/1.webp,1
6,https://cdn.dummyjson.com/product-images/fragrances/calvin-klein-ck-one/1.webp,1
6,https://cdn.dummyjson.com/product-images/fragrances/calvin-klein-ck-one/2.webp,2
6,https://cdn.dummyjson.com/product-images/fragrances/calvin-klein-ck-one/3.webp,3
7,https://cdn.dummyjson.com/product-images/fragrances/chanel-coco-noir-eau-de/1.webp,1
7,https://cdn.dummyjson.com/product-images/fragrances/chanel-coco-noir-eau-de/2.webp,2
7,https://cdn.dummyjson.com/product-images/fragrances/chanel-coco-noir-eau-de/3.webp,3
8,https://cdn.dummyjson.com/product-images/fragrances/dior-j'adore/1.webp,1
8,https://cdn.dummyjson.com/product-images/fragrances/dior-j'adore/2.webp,2
8,https://cdn.dummyjson.com/product-images/fragrances/dior-j'adore/3.webp,3
9,https://cdn.dummyjson.com/product-images/fragrances/dolce-shine-eau-de/1.webp,1
9,https://cdn.dummyjson.com/product-images/fragrances/dolce-shine-eau-de/2.webp,2
9,https://cdn.dummyjson.com/product-images/fragrances/dolce-shine-eau-de/3.webp,3
10,https://cdn.dummyjson.com/product-images/fragrances/gucci-bloom-eau-de/1.webp,1
10,https://cdn.dummyjson.com/product-images/fragrances/gucci-bloom-eau-de/2.webp,2
10,https://cdn.dummyjson.com/product-images/fragrances/gucci-bloom-eau-de/3.webp,3
11,https://cdn.dummyjson.com/product-images/furniture/annibale-colombo-bed/1.webp,1
11,https://cdn.dummyjson.com/product-images/furniture/annibale-colombo-bed/2.webp,2
11,https://cdn.dummyjson.com/product-images/furniture/annibale-colombo-bed/3.webp,3
12,https://cdn.dummyjson.com/product-images/furniture/annibale-colombo-sofa/1.webp,1
12,https://cdn.dummyjson.com/product-images/furniture/annibale-colombo-sofa/2.webp,2
12,https://cdn.dummyjson.com/product-images/furniture/annibale-colombo-sofa/3.webp,3
13,https://cdn.dummyjson.com/product-images/furniture/bedside-table-african-cherry/1.webp,1
13,https://cdn.dummyjson.com/product-images/furniture/bedside-table-african-cherry/2.webp,2
13,https://cdn.dummyjson.com/product-images/furniture/bedside-table-african-cherry/3.webp,3
14,https://cdn.dummyjson.com/product-images/furniture/knoll-saarinen-executive-conference-chair/1.webp,1
14,https://cdn.dummyjson.com/product-images/furniture/knoll-saarinen-executive-conference-chair/2.webp,2
14,https://cdn.dummyjson.com/product-images/furniture/knoll-saarinen-executive-conference-chair/3.webp,3
15,https://cdn.dummyjson.com/product-images/furniture/wooden-bathroom-sink-with-mirror/1.webp,1
15,https://cdn.dummyjson.com/product-images/furniture/wooden-bathroom-sink-with-mirror/2.webp,2
15,https://cdn.dummyjson.com/product-images/furniture/wooden-bathroom-sink-with-mirror/3.webp,3
16,https://cdn.dummyjson.com/product-images/groceries/apple/1.webp,1
17,https://cdn.dummyjson.com/product-images/groceries/beef-steak/1.webp,1
18,https://cdn.dummyjson.com/product-images/groceries/cat-food/1.webp,1
19,https://cdn.dummyjson.com/product-images/groceries/chicken-meat/1.webp,1
19,https://cdn.dummyjson.com/product-images/groceries/chicken-meat/2.webp,2
20,https://cdn.dummyjson.com/product-images/groceries/cooking-oil/1.webp,1
21,https://cdn.dummyjson.com/product-images/groceries/cucumber/1.webp,1
22,https://cdn.dummyjson.com/product-images/groceries/dog-food/1.webp,1
23,https://cdn.dummyjson.com/product-images/groceries/eggs/1.webp,1
24,https://cdn.dummyjson.com/product-images/groceries/fish-steak/1.webp,1
25,https://cdn.dummyjson.com/product-images/groceries/green-bell-pepper/1.webp,1
26,https://cdn.dummyjson.com/product-images/groceries/green-chili-pepper/1.webp,1
27,https://cdn.dummyjson.com/product-images/groceries/honey-jar/1.webp,1
28,https://cdn.dummyjson.com/product-images/groceries/ice-cream/1.webp,1
28,https://cdn.dummyjson.com/product-images/groceries/ice-cream/2.webp,2
28,https://cdn.dummyjson.com/product-images/groceries/ice-cream/3.webp,3
28,https://cdn.dummyjson.com/product-images/groceries/ice-cream/4.webp,4
29,https://cdn.dummyjson.com/product-images/groceries/juice/1.webp,1
30,https://cdn.dummyjson.com/product-images/groceries/kiwi/1.webp,1
31,https://cdn.dummyjson.com/product-images/groceries/lemon/1.webp,1
32,https://cdn.dummyjson.com/product-images/groceries/milk/1.webp,1
33,https://cdn.dummyjson.com/product-images/groceries/mulberry/1.webp,1
34,https://cdn.dummyjson.com/product-images/groceries/nescafe-coffee/1.webp,1
35,https://cdn.dummyjson.com/product-images/groceries/potatoes/1.webp,1
36,https://cdn.dummyjson.com/product-images/groceries/protein-powder/1.webp,1
37,https://cdn.dummyjson.com/product-images/groceries/red-onions/1.webp,1
38,https://cdn.dummyjson.com/product-images/groceries/rice/1.webp,1
39,https://cdn.dummyjson.com/product-images/groceries/soft-drinks/1.webp,1
40,https://cdn.dummyjson.com/product-images/groceries/strawberry/1.webp,1
41,https://cdn.dummyjson.com/product-images/groceries/tissue-paper-box/1.webp,1
41,https://cdn.dummyjson.com/product-images/groceries/tissue-paper-box/2.webp,2
42,https://cdn.dummyjson.com/product-images/groceries/water/1.webp,1
43,https://cdn.dummyjson.com/product-images/home-decoration/decoration-swing/1.webp,1
43,https://cdn.dummyjson.com/product-images/home-decoration/decoration-swing/2.webp,2
43,https://cdn.dummyjson.com/product-images/home-decoration/decoration-swing/3.webp,3
44,https://cdn.dummyjson.com/product-images/home-decoration/family-tree-photo-frame/1.webp,1
45,https://cdn.dummyjson.com/product-images/home-decoration/house-showpiece-plant/1.webp,1
45,https://cdn.dummyjson.com/product-images/home-decoration/house-showpiece-plant/2.webp,2
45,https://cdn.dummyjson.com/product-images/home-decoration/house-showpiece-plant/3.webp,3
46,https://cdn.dummyjson.com/product-images/home-decoration/plant-pot/1.webp,1
46,https://cdn.dummyjson.com/product-images/home-decoration/plant-pot/2.webp,2
46,https://cdn.dummyjson.com/product-images/home-decoration/plant-pot/3.webp,3
46,https://cdn.dummyjson.com/product-images/home-decoration/plant-pot/4.webp,4
47,https://cdn.dummyjson.com/product-images/home-decoration/table-lamp/1.webp,1
48,https://cdn.dummyjson.com/product-images/kitchen-accessories/bamboo-spatula/1.webp,1
49,https://cdn.dummyjson.com/product-images/kitchen-accessories/black-aluminium-cup/1.webp,1
49,https://cdn.dummyjson.com/product-images/kitchen-accessories/black-aluminium-cup/2.webp,2
50,https://cdn.dummyjson.com/product-images/kitchen-accessories/black-whisk/1.webp,1
51,https://cdn.dummyjson.com/product-images/kitchen-accessories/boxed-blender/1.webp,1
51,https://cdn.dummyjson.com/product-images/kitchen-accessories/boxed-blender/2.webp,2
51,https://cdn.dummyjson.com/product-images/kitchen-accessories/boxed-blender/3.webp,3
51,https://cdn.dummyjson.com/product-images/kitchen-accessories/boxed-blender/4.webp,4
52,https://cdn.dummyjson.com/product-images/kitchen-accessories/carbon-steel-wok/1.webp,1
53,https://cdn.dummyjson.com/product-images/kitchen-accessories/chopping-board/1.webp,1
54,https://cdn.dummyjson.com/product-images/kitchen-accessories/citrus-squeezer-yellow/1.webp,1
55,https://cdn.dummyjson.com/product-images/kitchen-accessories/egg-slicer/1.webp,1
56,https://cdn.dummyjson.com/product-images/kitchen-accessories/electric-stove/1.webp,1
56,https://cdn.dummyjson.com/product-images/kitchen-accessories/electric-stove/2.webp,2
56,https://cdn.dummyjson.com/product-images/kitchen-accessories/electric-stove/3.webp,3
56,https://cdn.dummyjson.com/product-images/kitchen-accessories/electric-stove/4.webp,4
57,https://cdn.dummyjson.com/product-images/kitchen-accessories/fine-mesh-strainer/1.webp,1
58,https://cdn.dummyjson.com/product-images/kitchen-accessories/fork/1.webp,1
59,https://cdn.dummyjson.com/product-images/kitchen-accessories/glass/1.webp,1
60,https://cdn.dummyjson.com/product-images/kitchen-accessories/grater-black/1.webp,1
61,https://cdn.dummyjson.com/product-images/kitchen-accessories/hand-blender/1.webp,1
62,https://cdn.dummyjson.com/product-images/kitchen-accessories/ice-cube-tray/1.webp,1
63,https://cdn.dummyjson.com/product-images/kitchen-accessories/kitchen-sieve/1.webp,1
64,https://cdn.dummyjson.com/product-images/kitchen-accessories/knife/1.webp,1
65,https://cdn.dummyjson.com/product-images/kitchen-accessories/lunch-box/1.webp,1
66,https://cdn.dummyjson.com/product-images/kitchen-accessories/microwave-oven/1.webp,1
66,https://cdn.dummyjson.com/product-images/kitchen-accessories/microwave-oven/2.webp,2
66,https://cdn.dummyjson.com/product-images/kitchen-accessories/microwave-oven/3.webp,3
66,https://cdn.dummyjson.com/product-images/kitchen-accessories/microwave-oven/4.webp,4
67,https://cdn.dummyjson.com/product-images/kitchen-accessories/mug-tree-stand/1.webp,1
67,https://cdn.dummyjson.com/product-images/kitchen-accessories/mug-tree-stand/2.webp,2
68,https://cdn.dummyjson.com/product-images/kitchen-accessories/pan/1.webp,1
69,https://cdn.dummyjson.com/product-images/kitchen-accessories/plate/1.webp,1
70,https://cdn.dummyjson.com/product-images/kitchen-accessories/red-tongs/1.webp,1
71,https://cdn.dummyjson.com/product-images/kitchen-accessories/silver-pot-with-glass-cap/1.webp,1
72,https://cdn.dummyjson.com/product-images/kitchen-accessories/slotted-turner/1.webp,1
73,https://cdn.dummyjson.com/product-images/kitchen-accessories/spice-rack/1.webp,1
74,https://cdn.dummyjson.com/product-images/kitchen-accessories/spoon/1.webp,1
75,https://cdn.dummyjson.com/product-images/kitchen-accessories/tray/1.webp,1
76,https://cdn.dummyjson.com/product-images/kitchen-accessories/wooden-rolling-pin/1.webp,1
77,https://cdn.dummyjson.com/product-images/kitchen-accessories/yellow-peeler/1.webp,1
78,https://cdn.dummyjson.com/product-images/laptops/apple-macbook-pro-14-inch-space-grey/1.webp,1
78,https://cdn.dummyjson.com/product-images/laptops/apple-macbook-pro-14-inch-space-grey/2.webp,2
78,https://cdn.dummyjson.com/product-images/laptops/apple-macbook-pro-14-inch-space-grey/3.webp,3
79,https://cdn.dummyjson.com/product-images/laptops/asus-zenbook-pro-dual-screen-laptop/1.webp,1
79,https://cdn.dummyjson.com/product-images/laptops/asus-zenbook-pro-dual-screen-laptop/2.webp,2
79,https://cdn.dummyjson.com/product-images/laptops/asus-zenbook-pro-dual-screen-laptop/3.webp,3
80,https://cdn.dummyjson.com/product-images/laptops/huawei-matebook-x-pro/1.webp,1
80,https://cdn.dummyjson.com/product-images/laptops/huawei-matebook-x-pro/2.webp,2
80,https://cdn.dummyjson.com/product-images/laptops/huawei-matebook-x-pro/3.webp,3
81,https://cdn.dummyjson.com/product-images/laptops/lenovo-yoga-920/1.webp,1
81,https://cdn.dummyjson.com/product-images/laptops/lenovo-yoga-920/2.webp,2
81,https://cdn.dummyjson.com/product-images/laptops/lenovo-yoga-920/3.webp,3
82,https://cdn.dummyjson.com/product-images/laptops/new-dell-xps-13-9300-laptop/1.webp,1
82,https://cdn.dummyjson.com/product-images/laptops/new-dell-xps-13-9300-laptop/2.webp,2
82,https://cdn.dummyjson.com/product-images/laptops/new-dell-xps-13-9300-laptop/3.webp,3
83,https://cdn.dummyjson.com/product-images/mens-shirts/blue-&-black-check-shirt/1.webp,1
83,https://cdn.dummyjson.com/product-images/mens-shirts/blue-&-black-check-shirt/2.webp,2
83,https://cdn.dummyjson.com/product-images/mens-shirts/blue-&-black-check-shirt/3.webp,3
83,https://cdn.dummyjson.com/product-images/mens-shirts/blue-&-black-check-shirt/4.webp,4
84,https://cdn.dummyjson.com/product-images/mens-shirts/gigabyte-aorus-men-tshirt/1.webp,1
84,https://cdn.dummyjson.com/product-images/mens-shirts/gigabyte-aorus-men-tshirt/2.webp,2
84,https://cdn.dummyjson.com/product-images/mens-shirts/gigabyte-aorus-men-tshirt/3.webp,3
84,https://cdn.dummyjson.com/product-images/mens-shirts/gigabyte-aorus-men-tshirt/4.webp,4
85,https://cdn.dummyjson.com/product-images/mens-shirts/man-plaid-shirt/1.webp,1
85,https://cdn.dummyjson.com/product-images/mens-shirts/man-plaid-shirt/2.webp,2
85,https://cdn.dummyjson.com/product-images/mens-shirts/man-plaid-shirt/3.webp,3
85,https://cdn.dummyjson.com/product-images/mens-shirts/man-plaid-shirt/4.webp,4
86,https://cdn.dummyjson.com/product-images/mens-shirts/man-short-sleeve-shirt/1.webp,1
86,https://cdn.dummyjson.com/product-images/mens-shirts/man-short-sleeve-shirt/2.webp,2
86,https://cdn.dummyjson.com/product-images/mens-shirts/man-short-sleeve-shirt/3.webp,3
86,https://cdn.dummyjson.com/product-images/mens-shirts/man-short-sleeve-shirt/4.webp,4
87,https://cdn.dummyjson.com/product-images/mens-shirts/men-check-shirt/1.webp,1
87,https://cdn.dummyjson.com/product-images/mens-shirts/men-check-shirt/2.webp,2
87,https://cdn.dummyjson.com/product-images/mens-shirts/men-check-shirt/3.webp,3
87,https://cdn.dummyjson.com/product-images/mens-shirts/men-check-shirt/4.webp,4
88,https://cdn.dummyjson.com/product-images/mens-shoes/nike-air-jordan-1-red-and-black/1.webp,1
88,https://cdn.dummyjson.com/product-images/mens-shoes/nike-air-jordan-1-red-and-black/2.webp,2
88,https://cdn.dummyjson.com/product-images/mens-shoes/nike-air-jordan-1-red-and-black/3.webp,3
88,https://cdn.dummyjson.com/product-images/mens-shoes/nike-air-jordan-1-red-and-black/4.webp,4
89,https://cdn.dummyjson.com/product-images/mens-shoes/nike-baseball-cleats/1.webp,1
89,https://cdn.dummyjson.com/product-images/mens-shoes/nike-baseball-cleats/2.webp,2
89,https://cdn.dummyjson.com/product-images/mens-shoes/nike-baseball-cleats/3.webp,3
89,https://cdn.dummyjson.com/product-images/mens-shoes/nike-baseball-cleats/4.webp,4
90,https://cdn.dummyjson.com/product-images/mens-shoes/puma-future-rider-trainers/1.webp,1
90,https://cdn.dummyjson.com/product-images/mens-shoes/puma-future-rider-trainers/2.webp,2
90,https://cdn.dummyjson.com/product-images/mens-shoes/puma-future-rider-trainers/3.webp,3
90,https://cdn.dummyjson.com/product-images/mens-shoes/puma-future-rider-trainers/4.webp,4
91,https://cdn.dummyjson.com/product-images/mens-shoes/sports-sneakers-off-white-&-red/1.webp,1
91,https://cdn.dummyjson.com/product-images/mens-shoes/sports-sneakers-off-white-&-red/2.webp,2
91,https://cdn.dummyjson.com/product-images/mens-shoes/sports-sneakers-off-white-&-red/3.webp,3
91,https://cdn.dummyjson.com/product-images/mens-shoes/sports-sneakers-off-white-&-red/4.webp,4
92,https://cdn.dummyjson.com/product-images/mens-shoes/sports-sneakers-off-white-red/1.webp,1
92,https://cdn.dummyjson.com/product-images/mens-shoes/sports-sneakers-off-white-red/2.webp,2
92,https://cdn.dummyjson.com/product-images/mens-shoes/sports-sneakers-off-white-red/3.webp,3
92,https://cdn.dummyjson.com/product-images/mens-shoes/sports-sneakers-off-white-red/4.webp,4
93,https://cdn.dummyjson.com/product-images/mens-watches/brown-leather-belt-watch/1.webp,1
93,https://cdn.dummyjson.com/product-images/mens-watches/brown-leather-belt-watch/2.webp,2
93,https://cdn.dummyjson.com/product-images/mens-watches/brown-leather-belt-watch/3.webp,3
94,https://cdn.dummyjson.com/product-images/mens-watches/longines-master-collection/1.webp,1
94,https://cdn.dummyjson.com/product-images/mens-watches/longines-master-collection/2.webp,2
94,https://cdn.dummyjson.com/product-images/mens-watches/longines-master-collection/3.webp,3
95,https://cdn.dummyjson.com/product-images/mens-watches/rolex-cellini-date-black-dial/1.webp,1
95,https://cdn.dummyjson.com/product-images/mens-watches/rolex-cellini-date-black-dial/2.webp,2
95,https://cdn.dummyjson.com/product-images/mens-watches/rolex-cellini-date-black-dial/3.webp,3
96,https://cdn.dummyjson.com/product-images/mens-watches/rolex-cellini-moonphase/1.webp,1
96,https://cdn.dummyjson.com/product-images/mens-watches/rolex-cellini-moonphase/2.webp,2
96,https://cdn.dummyjson.com/product-images/mens-watches/rolex-cellini-moonphase/3.webp,3
97,https://cdn.dummyjson.com/product-images/mens-watches/rolex-datejust/1.webp,1
97,https://cdn.dummyjson.com/product-images/mens-watches/rolex-datejust/2.webp,2
97,https://cdn.dummyjson.com/product-images/mens-watches/rolex-datejust/3.webp,3
98,https://cdn.dummyjson.com/product-images/mens-watches/rolex-submariner-watch/1.webp,1
98,https://cdn.dummyjson.com/product-images/mens-watches/rolex-submariner-watch/2.webp,2
98,https://cdn.dummyjson.com/product-images/mens-watches/rolex-submariner-watch/3.webp,3
99,https://cdn.dummyjson.com/product-images/mobile-accessories/amazon-echo-plus/1.webp,1
99,https://cdn.dummyjson.com/product-images/mobile-accessories/amazon-echo-plus/2.webp,2
100,https://cdn.dummyjson.com/product-images/mobile-accessories/apple-airpods/1.webp,1
100,https://cdn.dummyjson.com/product-images/mobile-accessories/apple-airpods/2.webp,2
100,https://cdn.dummyjson.com/product-images/mobile-accessories/apple-airpods/3.webp,3
101,https://cdn.dummyjson.com/product-images/mobile-accessories/apple-airpods-max-silver/1.webp,1
102,https://cdn.dummyjson.com/product-images/mobile-accessories/apple-airpower-wireless-charger/1.webp,1
103,https://cdn.dummyjson.com/product-images/mobile-accessories/apple-homepod-mini-cosmic-grey/1.webp,1
104,https://cdn.dummyjson.com/product-images/mobile-accessories/apple-iphone-charger/1.webp,1
104,https://cdn.dummyjson.com/product-images/mobile-accessories/apple-iphone-charger/2.webp,2
105,https://cdn.dummyjson.com/product-images/mobile-accessories/apple-magsafe-battery-pack/1.webp,1
105,https://cdn.dummyjson.com/product-images/mobile-accessories/apple-magsafe-battery-pack/2.webp,2
106,https://cdn.dummyjson.com/product-images/mobile-accessories/apple-watch-series-4-gold/1.webp,1
106,https://cdn.dummyjson.com/product-images/mobile-accessories/apple-watch-series-4-gold/2.webp,2
106,https://cdn.dummyjson.com/product-images/mobile-accessories/apple-watch-series-4-gold/3.webp,3
107,https://cdn.dummyjson.com/product-images/mobile-accessories/beats-flex-wireless-earphones/1.webp,1
108,https://cdn.dummyjson.com/product-images/mobile-accessories/iphone-12-silicone-case-with-magsafe-plum/1.webp,1
108,https://cdn.dummyjson.com/product-images/mobile-accessories/iphone-12-silicone-case-with-magsafe-plum/2.webp,2
108,https://cdn.dummyjson.com/product-images/mobile-accessories/iphone-12-silicone-case-with-magsafe-plum/3.webp,3
108,https://cdn.dummyjson.com/product-images/mobile-accessories/iphone-12-silicone-case-with-magsafe-plum/4.webp,4
109,https://cdn.dummyjson.com/product-images/mobile-accessories/monopod/1.webp,1
109,https://cdn.dummyjson.com/product-images/mobile-accessories/monopod/2.webp,2
110,https://cdn.dummyjson.com/product-images/mobile-accessories/selfie-lamp-with-iphone/1.webp,1
111,https://cdn.dummyjson.com/product-images/mobile-accessories/selfie-stick-monopod/1.webp,1
112,https://cdn.dummyjson.com/product-images/mobile-accessories/tv-studio-camera-pedestal/1.webp,1
113,https://cdn.dummyjson.com/product-images/motorcycle/generic-motorcycle/1.webp,1
113,https://cdn.dummyjson.com/product-images/motorcycle/generic-motorcycle/2.webp,2
113,https://cdn.dummyjson.com/product-images/motorcycle/generic-motorcycle/3.webp,3
113,https://cdn.dummyjson.com/product-images/motorcycle/generic-motorcycle/4.webp,4
114,https://cdn.dummyjson.com/product-images/motorcycle/kawasaki-z800/1.webp,1
114,https://cdn.dummyjson.com/product-images/motorcycle/kawasaki-z800/2.webp,2
114,https://cdn.dummyjson.com/product-images/motorcycle/kawasaki-z800/3.webp,3
114,https://cdn.dummyjson.com/product-images/motorcycle/kawasaki-z800/4.webp,4
115,https://cdn.dummyjson.com/product-images/motorcycle/motogp-ci.h1/1.webp,1
115,https://cdn.dummyjson.com/product-images/motorcycle/motogp-ci.h1/2.webp,2
115,https://cdn.dummyjson.com/product-images/motorcycle/motogp-ci.h1/3.webp,3
115,https://cdn.dummyjson.com/product-images/motorcycle/motogp-ci.h1/4.webp,4
116,https://cdn.dummyjson.com/product-images/motorcycle/scooter-motorcycle/1.webp,1
116,https://cdn.dummyjson.com/product-images/motorcycle/scooter-motorcycle/2.webp,2
116,https://cdn.dummyjson.com/product-images/motorcycle/scooter-motorcycle/3.webp,3
116,https://cdn.dummyjson.com/product-images/motorcycle/scooter-motorcycle/4.webp,4
117,https://cdn.dummyjson.com/product-images/motorcycle/sportbike-motorcycle/1.webp,1
117,https://cdn.dummyjson.com/product-images/motorcycle/sportbike-motorcycle/2.webp,2
117,https://cdn.dummyjson.com/product-images/motorcycle/sportbike-motorcycle/3.webp,3
117,https://cdn.dummyjson.com/product-images/motorcycle/sportbike-motorcycle/4.webp,4
118,https://cdn.dummyjson.com/product-images/skin-care/attitude-super-leaves-hand-soap/1.webp,1
118,https://cdn.dummyjson.com/product-images/skin-care/attitude-super-leaves-hand-soap/2.webp,2
118,https://cdn.dummyjson.com/product-images/skin-care/attitude-super-leaves-hand-soap/3.webp,3
119,https://cdn.dummyjson.com/product-images/skin-care/olay-ultra-moisture-shea-butter-body-wash/1.webp,1
119,https://cdn.dummyjson.com/product-images/skin-care/olay-ultra-moisture-shea-butter-body-wash/2.webp,2
119,https://cdn.dummyjson.com/product-images/skin-care/olay-ultra-moisture-shea-butter-body-wash/3.webp,3
120,https://cdn.dummyjson.com/product-images/skin-care/vaseline-men-body-and-face-lotion/1.webp,1
120,https://cdn.dummyjson.com/product-images/skin-care/vaseline-men-body-and-face-lotion/2.webp,2
120,https://cdn.dummyjson.com/product-images/skin-care/vaseline-men-body-and-face-lotion/3.webp,3
121,https://cdn.dummyjson.com/product-images/smartphones/iphone-5s/1.webp,1
121,https://cdn.dummyjson.com/product-images/smartphones/iphone-5s/2.webp,2
121,https://cdn.dummyjson.com/product-images/smartphones/iphone-5s/3.webp,3
122,https://cdn.dummyjson.com/product-images/smartphones/iphone-6/1.webp,1
122,https://cdn.dummyjson.com/product-images/smartphones/iphone-6/2.webp,2
122,https://cdn.dummyjson.com/product-images/smartphones/iphone-6/3.webp,3
123,https://cdn.dummyjson.com/product-images/smartphones/iphone-13-pro/1.webp,1
123,https://cdn.dummyjson.com/product-images/smartphones/iphone-13-pro/2.webp,2
123,https://cdn.dummyjson.com/product-images/smartphones/iphone-13-pro/3.webp,3
124,https://cdn.dummyjson.com/product-images/smartphones/iphone-x/1.webp,1
124,https://cdn.dummyjson.com/product-images/smartphones/iphone-x/2.webp,2
124,https://cdn.dummyjson.com/product-images/smartphones/iphone-x/3.webp,3
125,https://cdn.dummyjson.com/product-images/smartphones/oppo-a57/1.webp,1
125,https://cdn.dummyjson.com/product-images/smartphones/oppo-a57/2.webp,2
125,https://cdn.dummyjson.com/product-images/smartphones/oppo-a57/3.webp,3
126,https://cdn.dummyjson.com/product-images/smartphones/oppo-f19-pro-plus/1.webp,1
126,https://cdn.dummyjson.com/product-images/smartphones/oppo-f19-pro-plus/2.webp,2
126,https://cdn.dummyjson.com/product-images/smartphones/oppo-f19-pro-plus/3.webp,3
127,https://cdn.dummyjson.com/product-images/smartphones/oppo-k1/1.webp,1
127,https://cdn.dummyjson.com/product-images/smartphones/oppo-k1/2.webp,2
127,https://cdn.dummyjson.com/product-images/smartphones/oppo-k1/3.webp,3
127,https://cdn.dummyjson.com/product-images/smartphones/oppo-k1/4.webp,4
128,https://cdn.dummyjson.com/product-images/smartphones/realme-c35/1.webp,1
128,https://cdn.dummyjson.com/product-images/smartphones/realme-c35/2.webp,2
128,https://cdn.dummyjson.com/product-images/smartphones/realme-c35/3.webp,3
129,https://cdn.dummyjson.com/product-images/smartphones/realme-x/1.webp,1
129,https://cdn.dummyjson.com/product-images/smartphones/realme-x/2.webp,2
129,https://cdn.dummyjson.com/product-images/smartphones/realme-x/3.webp,3
130,https://cdn.dummyjson.com/product-images/smartphones/realme-xt/1.webp,1
130,https://cdn.dummyjson.com/product-images/smartphones/realme-xt/2.webp,2
130,https://cdn.dummyjson.com/product-images/smartphones/realme-xt/3.webp,3
131,https://cdn.dummyjson.com/product-images/smartphones/samsung-galaxy-s7/1.webp,1
131,https://cdn.dummyjson.com/product-images/smartphones/samsung-galaxy-s7/2.webp,2
131,https://cdn.dummyjson.com/product-images/smartphones/samsung-galaxy-s7/3.webp,3
132,https://cdn.dummyjson.com/product-images/smartphones/samsung-galaxy-s8/1.webp,1
132,https://cdn.dummyjson.com/product-images/smartphones/samsung-galaxy-s8/2.webp,2
132,https://cdn.dummyjson.com/product-images/smartphones/samsung-galaxy-s8/3.webp,3
133,https://cdn.dummyjson.com/product-images/smartphones/samsung-galaxy-s10/1.webp,1
133,https://cdn.dummyjson.com/product-images/smartphones/samsung-galaxy-s10/2.webp,2
133,https://cdn.dummyjson.com/product-images/smartphones/samsung-galaxy-s10/3.webp,3
134,https://cdn.dummyjson.com/product-images/smartphones/vivo-s1/1.webp,1
134,https://cdn.dummyjson.com/product-images/smartphones/vivo-s1/2.webp,2
134,https://cdn.dummyjson.com/product-images/smartphones/vivo-s1/3.webp,3
135,https://cdn.dummyjson.com/product-images/smartphones/vivo-v9/1.webp,1
135,https://cdn.dummyjson.com/product-images/smartphones/vivo-v9/2.webp,2
135,https://cdn.dummyjson.com/product-images/smartphones/vivo-v9/3.webp,3
136,https://cdn.dummyjson.com/product-images/smartphones/vivo-x21/1.webp,1
136,https://cdn.dummyjson.com/product-images/smartphones/vivo-x21/2.webp,2
136,https://cdn.dummyjson.com/product-images/smartphones/vivo-x21/3.webp,3
137,https://cdn.dummyjson.com/product-images/sports-accessories/american-football/1.webp,1
138,https://cdn.dummyjson.com/product-images/sports-accessories/baseball-ball/1.webp,1
139,https://cdn.dummyjson.com/product-images/sports-accessories/baseball-glove/1.webp,1
139,https://cdn.dummyjson.com/product-images/sports-accessories/baseball-glove/2.webp,2
139,https://cdn.dummyjson.com/product-images/sports-accessories/baseball-glove/3.webp,3
140,https://cdn.dummyjson.com/product-images/sports-accessories/basketball/1.webp,1
141,https://cdn.dummyjson.com/product-images/sports-accessories/basketball-rim/1.webp,1
142,https://cdn.dummyjson.com/product-images/sports-accessories/cricket-ball/1.webp,1
143,https://cdn.dummyjson.com/product-images/sports-accessories/cricket-bat/1.webp,1
144,https://cdn.dummyjson.com/product-images/sports-accessories/cricket-helmet/1.webp,1
144,https://cdn.dummyjson.com/product-images/sports-accessories/cricket-helmet/2.webp,2
144,https://cdn.dummyjson.com/product-images/sports-accessories/cricket-helmet/3.webp,3
144,https://cdn.dummyjson.com/product-images/sports-accessories/cricket-helmet/4.webp,4
145,https://cdn.dummyjson.com/product-images/sports-accessories/cricket-wicket/1.webp,1
146,https://cdn.dummyjson.com/product-images/sports-accessories/feather-shuttlecock/1.webp,1
147,https://cdn.dummyjson.com/product-images/sports-accessories/football/1.webp,1
148,https://cdn.dummyjson.com/product-images/sports-accessories/golf-ball/1.webp,1
149,https://cdn.dummyjson.com/product-images/sports-accessories/iron-golf/1.webp,1
150,https://cdn.dummyjson.com/product-images/sports-accessories/metal-baseball-bat/1.webp,1
151,https://cdn.dummyjson.com/product-images/sports-accessories/tennis-ball/1.webp,1
152,https://cdn.dummyjson.com/product-images/sports-accessories/tennis-racket/1.webp,1
153,https://cdn.dummyjson.com/product-images/sports-accessories/volleyball/1.webp,1
154,https://cdn.dummyjson.com/product-images/sunglasses/black-sun-glasses/1.webp,1
154,https://cdn.dummyjson.com/product-images/sunglasses/black-sun-glasses/2.webp,2
154,https://cdn.dummyjson.com/product-images/sunglasses/black-sun-glasses/3.webp,3
155,https://cdn.dummyjson.com/product-images/sunglasses/classic-sun-glasses/1.webp,1
155,https://cdn.dummyjson.com/product-images/sunglasses/classic-sun-glasses/2.webp,2
155,https://cdn.dummyjson.com/product-images/sunglasses/classic-sun-glasses/3.webp,3
156,https://cdn.dummyjson.com/product-images/sunglasses/green-and-black-glasses/1.webp,1
156,https://cdn.dummyjson.com/product-images/sunglasses/green-and-black-glasses/2.webp,2
156,https://cdn.dummyjson.com/product-images/sunglasses/green-and-black-glasses/3.webp,3
157,https://cdn.dummyjson.com/product-images/sunglasses/party-glasses/1.webp,1
157,https://cdn.dummyjson.com/product-images/sunglasses/party-glasses/2.webp,2
157,https://cdn.dummyjson.com/product-images/sunglasses/party-glasses/3.webp,3
158,https://cdn.dummyjson.com/product-images/sunglasses/sunglasses/1.webp,1
158,https://cdn.dummyjson.com/product-images/sunglasses/sunglasses/2.webp,2
158,https://cdn.dummyjson.com/product-images/sunglasses/sunglasses/3.webp,3
159,https://cdn.dummyjson.com/product-images/tablets/ipad-mini-2021-starlight/1.webp,1
159,https://cdn.dummyjson.com/product-images/tablets/ipad-mini-2021-starlight/2.webp,2
159,https://cdn.dummyjson.com/product-images/tablets/ipad-mini-2021-starlight/3.webp,3
159,https://cdn.dummyjson.com/product-images/tablets/ipad-mini-2021-starlight/4.webp,4
160,https://cdn.dummyjson.com/product-images/tablets/samsung-galaxy-tab-s8-plus-grey/1.webp,1
160,https://cdn.dummyjson.com/product-images/tablets/samsung-galaxy-tab-s8-plus-grey/2.webp,2
160,https://cdn.dummyjson.com/product-images/tablets/samsung-galaxy-tab-s8-plus-grey/3.webp,3
160,https://cdn.dummyjson.com/product-images/tablets/samsung-galaxy-tab-s8-plus-grey/4.webp,4
161,https://cdn.dummyjson.com/product-images/tablets/samsung-galaxy-tab-white/1.webp,1
161,https://cdn.dummyjson.com/product-images/tablets/samsung-galaxy-tab-white/2.webp,2
161,https://cdn.dummyjson.com/product-images/tablets/samsung-galaxy-tab-white/3.webp,3
161,https://cdn.dummyjson.com/product-images/tablets/samsung-galaxy-tab-white/4.webp,4
162,https://cdn.dummyjson.com/product-images/tops/blue-frock/1.webp,1
162,https://cdn.dummyjson.com/product-images/tops/blue-frock/2.webp,2
162,https://cdn.dummyjson.com/product-images/tops/blue-frock/3.webp,3
162,https://cdn.dummyjson.com/product-images/tops/blue-frock/4.webp,4
163,https://cdn.dummyjson.com/product-images/tops/girl-summer-dress/1.webp,1
163,https://cdn.dummyjson.com/product-images/tops/girl-summer-dress/2.webp,2
163,https://cdn.dummyjson.com/product-images/tops/girl-summer-dress/3.webp,3
163,https://cdn.dummyjson.com/product-images/tops/girl-summer-dress/4.webp,4
164,https://cdn.dummyjson.com/product-images/tops/gray-dress/1.webp,1
164,https://cdn.dummyjson.com/product-images/tops/gray-dress/2.webp,2
164,https://cdn.dummyjson.com/product-images/tops/gray-dress/3.webp,3
164,https://cdn.dummyjson.com/product-images/tops/gray-dress/4.webp,4
165,https://cdn.dummyjson.com/product-images/tops/short-frock/1.webp,1
165,https://cdn.dummyjson.com/product-images/tops/short-frock/2.webp,2
165,https://cdn.dummyjson.com/product-images/tops/short-frock/3.webp,3
165,https://cdn.dummyjson.com/product-images/tops/short-frock/4.webp,4
166,https://cdn.dummyjson.com/product-images/tops/tartan-dress/1.webp,1
166,https://cdn.dummyjson.com/product-images/tops/tartan-dress/2.webp,2
166,https://cdn.dummyjson.com/product-images/tops/tartan-dress/3.webp,3
166,https://cdn.dummyjson.com/product-images/tops/tartan-dress/4.webp,4
167,https://cdn.dummyjson.com/product-images/vehicle/300-touring/1.webp,1
167,https://cdn.dummyjson.com/product-images/vehicle/300-touring/2.webp,2
167,https://cdn.dummyjson.com/product-images/vehicle/300-touring/3.webp,3
167,https://cdn.dummyjson.com/product-images/vehicle/300-touring/4.webp,4
167,https://cdn.dummyjson.com/product-images/vehicle/300-touring/5.webp,5
167,https://cdn.dummyjson.com/product-images/vehicle/300-touring/6.webp,6
168,https://cdn.dummyjson.com/product-images/vehicle/charger-sxt-rwd/1.webp,1
168,https://cdn.dummyjson.com/product-images/vehicle/charger-sxt-rwd/2.webp,2
168,https://cdn.dummyjson.com/product-images/vehicle/charger-sxt-rwd/3.webp,3
168,https://cdn.dummyjson.com/product-images/vehicle/charger-sxt-rwd/4.webp,4
168,https://cdn.dummyjson.com/product-images/vehicle/charger-sxt-rwd/5.webp,5
168,https://cdn.dummyjson.com/product-images/vehicle/charger-sxt-rwd/6.webp,6
169,https://cdn.dummyjson.com/product-images/vehicle/dodge-hornet-gt-plus/1.webp,1
169,https://cdn.dummyjson.com/product-images/vehicle/dodge-hornet-gt-plus/2.webp,2
169,https://cdn.dummyjson.com/product-images/vehicle/dodge-hornet-gt-plus/3.webp,3
169,https://cdn.dummyjson.com/product-images/vehicle/dodge-hornet-gt-plus/4.webp,4
169,https://cdn.dummyjson.com/product-images/vehicle/dodge-hornet-gt-plus/5.webp,5
169,https://cdn.dummyjson.com/product-images/vehicle/dodge-hornet-gt-plus/6.webp,6
170,https://cdn.dummyjson.com/product-images/vehicle/durango-sxt-rwd/1.webp,1
170,https://cdn.dummyjson.com/product-images/vehicle/durango-sxt-rwd/2.webp,2
170,https://cdn.dummyjson.com/product-images/vehicle/durango-sxt-rwd/3.webp,3
170,https://cdn.dummyjson.com/product-images/vehicle/durango-sxt-rwd/4.webp,4
170,https://cdn.dummyjson.com/product-images/vehicle/durango-sxt-rwd/5.webp,5
170,https://cdn.dummyjson.com/product-images/vehicle/durango-sxt-rwd/6.webp,6
171,https://cdn.dummyjson.com/product-images/vehicle/pacifica-touring/1.webp,1
171,https://cdn.dummyjson.com/product-images/vehicle/pacifica-touring/2.webp,2
171,https://cdn.dummyjson.com/product-images/vehicle/pacifica-touring/3.webp,3
171,https://cdn.dummyjson.com/product-images/vehicle/pacifica-touring/4.webp,4
171,https://cdn.dummyjson.com/product-images/vehicle/pacifica-touring/5.webp,5
171,https://cdn.dummyjson.com/product-images/vehicle/pacifica-touring/6.webp,6
172,https://cdn.dummyjson.com/product-images/womens-bags/blue-women's-handbag/1.webp,1
172,https://cdn.dummyjson.com/product-images/womens-bags/blue-women's-handbag/2.webp,2
172,https://cdn.dummyjson.com/product-images/womens-bags/blue-women's-handbag/3.webp,3
173,https://cdn.dummyjson.com/product-images/womens-bags/heshe-women's-leather-bag/1.webp,1
173,https://cdn.dummyjson.com/product-images/womens-bags/heshe-women's-leather-bag/2.webp,2
173,https://cdn.dummyjson.com/product-images/womens-bags/heshe-women's-leather-bag/3.webp,3
174,https://cdn.dummyjson.com/product-images/womens-bags/prada-women-bag/1.webp,1
174,https://cdn.dummyjson.com/product-images/womens-bags/prada-women-bag/2.webp,2
174,https://cdn.dummyjson.com/product-images/womens-bags/prada-women-bag/3.webp,3
175,https://cdn.dummyjson.com/product-images/womens-bags/white-faux-leather-backpack/1.webp,1
175,https://cdn.dummyjson.com/product-images/womens-bags/white-faux-leather-backpack/2.webp,2
175,https://cdn.dummyjson.com/product-images/womens-bags/white-faux-leather-backpack/3.webp,3
176,https://cdn.dummyjson.com/product-images/womens-bags/women-handbag-black/1.webp,1
176,https://cdn.dummyjson.com/product-images/womens-bags/women-handbag-black/2.webp,2
176,https://cdn.dummyjson.com/product-images/womens-bags/women-handbag-black/3.webp,3
177,https://cdn.dummyjson.com/product-images/womens-dresses/black-women's-gown/1.webp,1
177,https://cdn.dummyjson.com/product-images/womens-dresses/black-women's-gown/2.webp,2
177,https://cdn.dummyjson.com/product-images/womens-dresses/black-women's-gown/3.webp,3
177,https://cdn.dummyjson.com/product-images/womens-dresses/black-women's-gown/4.webp,4
178,https://cdn.dummyjson.com/product-images/womens-dresses/corset-leather-with-skirt/1.webp,1
178,https://cdn.dummyjson.com/product-images/womens-dresses/corset-leather-with-skirt/2.webp,2
178,https://cdn.dummyjson.com/product-images/womens-dresses/corset-leather-with-skirt/3.webp,3
178,https://cdn.dummyjson.com/product-images/womens-dresses/corset-leather-with-skirt/4.webp,4
179,https://cdn.dummyjson.com/product-images/womens-dresses/corset-with-black-skirt/1.webp,1
179,https://cdn.dummyjson.com/product-images/womens-dresses/corset-with-black-skirt/2.webp,2
179,https://cdn.dummyjson.com/product-images/womens-dresses/corset-with-black-skirt/3.webp,3
179,https://cdn.dummyjson.com/product-images/womens-dresses/corset-with-black-skirt/4.webp,4
180,https://cdn.dummyjson.com/product-images/womens-dresses/dress-pea/1.webp,1
180,https://cdn.dummyjson.com/product-images/womens-dresses/dress-pea/2.webp,2
180,https://cdn.dummyjson.com/product-images/womens-dresses/dress-pea/3.webp,3
180,https://cdn.dummyjson.com/product-images/womens-dresses/dress-pea/4.webp,4
181,https://cdn.dummyjson.com/product-images/womens-dresses/marni-red-&-black-suit/1.webp,1
181,https://cdn.dummyjson.com/product-images/womens-dresses/marni-red-&-black-suit/2.webp,2
181,https://cdn.dummyjson.com/product-images/womens-dresses/marni-red-&-black-suit/3.webp,3
181,https://cdn.dummyjson.com/product-images/womens-dresses/marni-red-&-black-suit/4.webp,4
182,https://cdn.dummyjson.com/product-images/womens-jewellery/green-crystal-earring/1.webp,1
182,https://cdn.dummyjson.com/product-images/womens-jewellery/green-crystal-earring/2.webp,2
182,https://cdn.dummyjson.com/product-images/womens-jewellery/green-crystal-earring/3.webp,3
183,https://cdn.dummyjson.com/product-images/womens-jewellery/green-oval-earring/1.webp,1
183,https://cdn.dummyjson.com/product-images/womens-jewellery/green-oval-earring/2.webp,2
183,https://cdn.dummyjson.com/product-images/womens-jewellery/green-oval-earring/3.webp,3
184,https://cdn.dummyjson.com/product-images/womens-jewellery/tropical-earring/1.webp,1
184,https://cdn.dummyjson.com/product-images/womens-jewellery/tropical-earring/2.webp,2
184,https://cdn.dummyjson.com/product-images/womens-jewellery/tropical-earring/3.webp,3
185,https://cdn.dummyjson.com/product-images/womens-shoes/black-&-brown-slipper/1.webp,1
185,https://cdn.dummyjson.com/product-images/womens-shoes/black-&-brown-slipper/2.webp,2
185,https://cdn.dummyjson.com/product-images/womens-shoes/black-&-brown-slipper/3.webp,3
185,https://cdn.dummyjson.com/product-images/womens-shoes/black-&-brown-slipper/4.webp,4
186,https://cdn.dummyjson.com/product-images/womens-shoes/calvin-klein-heel-shoes/1.webp,1
186,https://cdn.dummyjson.com/product-images/womens-shoes/calvin-klein-heel-shoes/2.webp,2
186,https://cdn.dummyjson.com/product-images/womens-shoes/calvin-klein-heel-shoes/3.webp,3
186,https://cdn.dummyjson.com/product-images/womens-shoes/calvin-klein-heel-shoes/4.webp,4
187,https://cdn.dummyjson.com/product-images/womens-shoes/golden-shoes-woman/1.webp,1
187,https://cdn.dummyjson.com/product-images/womens-shoes/golden-shoes-woman/2.webp,2
187,https://cdn.dummyjson.com/product-images/womens-shoes/golden-shoes-woman/3.webp,3
187,https://cdn.dummyjson.com/product-images/womens-shoes/golden-shoes-woman/4.webp,4
188,https://cdn.dummyjson.com/product-images/womens-shoes/pampi-shoes/1.webp,1
188,https://cdn.dummyjson.com/product-images/womens-shoes/pampi-shoes/2.webp,2
188,https://cdn.dummyjson.com/product-images/womens-shoes/pampi-shoes/3.webp,3
188,https://cdn.dummyjson.com/product-images/womens-shoes/pampi-shoes/4.webp,4
189,https://cdn.dummyjson.com/product-images/womens-shoes/red-shoes/1.webp,1
189,https://cdn.dummyjson.com/product-images/womens-shoes/red-shoes/2.webp,2
189,https://cdn.dummyjson.com/product-images/womens-shoes/red-shoes/3.webp,3
189,https://cdn.dummyjson.com/product-images/womens-shoes/red-shoes/4.webp,4
190,https://cdn.dummyjson.com/product-images/womens-watches/iwc-ingenieur-automatic-steel/1.webp,1
190,https://cdn.dummyjson.com/product-images/womens-watches/iwc-ingenieur-automatic-steel/2.webp,2
190,https://cdn.dummyjson.com/product-images/womens-watches/iwc-ingenieur-automatic-steel/3.webp,3
191,https://cdn.dummyjson.com/product-images/womens-watches/rolex-cellini-moonphase/1.webp,1
191,https://cdn.dummyjson.com/product-images/womens-watches/rolex-cellini-moonphase/2.webp,2
191,https://cdn.dummyjson.com/product-images/womens-watches/rolex-cellini-moonphase/3.webp,3
192,https://cdn.dummyjson.com/product-images/womens-watches/rolex-datejust-women/1.webp,1
192,https://cdn.dummyjson.com/product-images/womens-watches/rolex-datejust-women/2.webp,2
192,https://cdn.dummyjson.com/product-images/womens-watches/rolex-datejust-women/3.webp,3
193,https://cdn.dummyjson.com/product-images/womens-watches/watch-gold-for-women/1.webp,1
193,https://cdn.dummyjson.com/product-images/womens-watches/watch-gold-for-women/2.webp,2
193,https://cdn.dummyjson.com/product-images/womens-watches/watch-gold-for-women/3.webp,3
194,https://cdn.dummyjson.com/product-images/womens-watches/women's-wrist-watch/1.webp,1
194,https://cdn.dummyjson.com/product-images/womens-watches/women's-wrist-watch/2.webp,2
194,https://cdn.dummyjson.com/product-images/womens-watches/women's-wrist-watch/3.webp,3
