first_name,last_name,phone_number,user_id,created_at
Aria,Roberts,"16688485255",1,2026-01-25 09:50:43.501
Henry,Adams,"12896045539",2,2026-01-25 09:37:07.362
Ellie,Stewart,"16703991025",3,2026-01-24 19:42:01.064
Benjamin,Foster,"17575648596",4,2026-01-25 11:28:03.255
Dylan,Wells,"18201778756",5,2026-01-25 06:48:57.265
Layla,Young,"13792205131",6,2026-01-25 05:48:20.222
Samantha,Howard,"15101797490",7,2026-01-25 08:47:13.826
Sadie,Morales,"19487619952",8,2026-01-24 20:56:54.542
Benjamin,Wilson,"18902467419",9,2026-01-25 03:36:32.514
Sophia,Brown,"15225946570",10,2026-01-24 21:59:42.312
Madison,Stewart,"19452357289",11,2026-01-25 12:28:11.574
Brayden,Fleming,"15264704925",12,2026-01-24 22:17:42.231
Alexander,Jones,"14296179883",13,2026-01-25 06:14:40.880
Charlotte,Davis,"18237568352",14,2026-01-24 18:54:00.065
Harper,Turner,"13263318269",15,2026-01-25 07:53:53.169
Austin,Hudson,"12776202905",16,2026-01-24 21:47:31.537
Mason,Wright,"11197032946",17,2026-01-24 19:45:26.112
Levi,Hicks,"11577966686",18,2026-01-25 16:34:58.505
James,Garcia,"15058703976",19,2026-01-25 08:50:28.734
Oscar,Powers,"14518386436",20,2026-01-25 15:14:37.268
Nora,Russell,"12501515237",21,2026-01-25 07:12:29.325
Henry,Hill,"13619931238",22,2026-01-24 23:22:00.615
Vivian,Carter,"14369296576",23,2026-01-25 02:48:42.307
Harper,King,"14367545823",24,2026-01-25 03:37:29.665
Addison,Wright,"12206801658",25,2026-01-25 01:54:52.374
Max,Russell,"11751503367",26,2026-01-25 10:16:05.394
Avery,Perez,"18647153129",27,2026-01-25 03:01:28.362
Mateo,Nguyen,"19043012401",28,2026-01-24 17:24:03.052
Aurora,Rodriguez,"16069196131",29,2026-01-25 10:16:11.479
Victoria,McDonald,"18511218376",30,2026-01-24 23:45:51.953
Sophia,Jones,"16194035099",31,2026-01-25 16:09:39.169
William,Lopez,"19296683848",32,2026-01-25 00:23:16.040
Connor,Baker,"16635187050",33,2026-01-24 20:51:36.914
Jackson,Morales,"12752464819",34,2026-01-24 21:00:28.213
Scarlett,Wright,"17601758515",35,2026-01-25 07:23:43.760
Nova,Cooper,"18573502403",36,2026-01-24 23:47:07.774
Emily,Johnson,"17507404321",37,2026-01-25 00:38:47.061
Brandon,Collins,"17607056621",38,2026-01-25 06:56:12.349
Madison,Collins,"18472901700",39,2026-01-24 19:03:19.589
Eleanor,Tyler,"15893729309",40,2026-01-25 00:32:59.211
James,Davis,"16909433543",41,2026-01-25 05:07:29.982
Layla,Sullivan,"18969005189",42,2026-01-25 12:39:19.152
Zoe,Bennett,"13362735102",43,2026-01-25 10:32:34.832
Adrian,Flores,"19455608526",44,2026-01-25 05:29:17.045
Jacob,Cooper,"19824082737",45,2026-01-25 10:25:27.143
Gabriel,Bailey,"14432744423",46,2026-01-25 06:57:43.076
Eli,Bennett,"15882377404",47,2026-01-25 13:05:38.930
Ariana,Ross,"12517754195",48,2026-01-25 15:12:00.713
Ava,Harris,"19224483346",49,2026-01-25 05:31:54.686
Evelyn,Walker,"14277681008",50,2026-01-25 01:12:56.582
Evelyn,Sanchez,"19883076873",51,2026-01-25 00:49:00.683
Mateo,Bennett,"15045521017",52,2026-01-24 19:30:16.676
Isaac,Lawrence,"13266397388",53,2026-01-25 07:05:10.000
Noah,Hernandez,"13981766024",54,2026-01-24 18:49:51.686
Olivia,Wilson,"12423324561",55,2026-01-25 09:58:52.475
Lucas,Gray,"14157292308",56,2026-01-25 01:28:14.382
Jonathan,Pierce,"15281504205",57,2026-01-25 07:21:58.378
Emma,Miller,"12758143327",58,2026-01-24 21:48:52.092
Julian,Newton,"17477834084",59,2026-01-25 15:45:47.128
Jack,Ward,"12431056974",60,2026-01-25 03:03:24.905
Amelia,Perez,"15442474079",61,2026-01-24 18:29:37.406
Natalie,Harris,"15148221485",62,2026-01-24 18:42:34.312
Mia,Miller,"15144062655",63,2026-01-24 20:00:06.202
William,Gonzalez,"15085611090",64,2026-01-25 11:30:37.978
Lucas,Gordon,"16057817672",65,2026-01-25 15:06:36.420
Harper,Kelly,"15465668192",66,2026-01-24 20:15:14.752
Ava,Taylor,"15481121011",67,2026-01-25 14:21:52.632
Lily,Torres,"18582917056",68,2026-01-25 13:40:47.371
Clara,Berry,"15693528129",69,2026-01-24 18:27:24.492
Logan,Lee,"19877052601",70,2026-01-24 21:42:47.641
Carter,Baker,"18907274893",71,2026-01-25 14:12:57.849
Samantha,Martinez,"16091122495",72,2026-01-25 12:10:59.180
Evelyn,Gonzalez,"15671758823",73,2026-01-25 09:29:42.283
Bella,Grant,"12682835685",74,2026-01-25 13:03:05.545
Asher,Scott,"16627827686",75,2026-01-25 13:00:58.169
Aubrey,Gutierrez,"18252914209",76,2026-01-25 02:14:31.491
Ruby,Andrews,"12698627297",77,2026-01-24 22:50:52.048
Grayson,Coleman,"11762556399",78,2026-01-25 03:17:23.332
Eleanor,Collins,"17999201653",79,2026-01-25 14:53:17.709
Lillian,Bishop,"17924126438",80,2026-01-25 07:56:31.790
Lucas,Ramirez,"15476776805",81,2026-01-25 04:19:29.284
Scarlett,Bowman,"12743177900",82,2026-01-25 00:49:50.222
Aurora,Barnes,"11824877827",83,2026-01-25 10:58:55.900
Aurora,Lawson,"15816641724",84,2026-01-25 02:28:31.115
Alice,Smith,"13016477300",85,2026-01-25 08:39:09.300
Aria,Ferguson,"17904855178",86,2026-01-25 05:59:42.405
Jaxon,Barnes,"13808192953",87,2026-01-25 08:40:27.859
Brayden,Hill,"15703214736",88,2026-01-25 04:11:51.689
Hazel,Evans,"15229144080",89,2026-01-25 10:33:35.198
Harper,Garcia,"11454935430",90,2026-01-25 11:49:18.324
Luna,Perez,"16802838644",91,2026-01-24 19:29:49.013
Elijah,Cruz,"14798509166",92,2026-01-25 06:48:52.363
Tristan,Scott,"11497029829",93,2026-01-25 06:18:37.126
Natalie,Price,"12722212753",94,2026-01-25 10:13:26.505
Tyler,Davis,"18388799127",95,2026-01-25 15:18:05.645
Aaliyah,Hanson,"14799018462",96,2026-01-25 08:16:30.705
Caleb,Perkins,"11113533801",97,2026-01-25 02:53:59.979
Savannah,Gomez,"17877062173",98,2026-01-25 12:38:10.215
Aria,Parker,"16977731418",99,2026-01-25 14:46:03.451
Hannah,Robinson,"19113194186",100,2026-01-25 08:47:22.304
Stella,Hughes,"14468617617",101,2026-01-25 05:03:46.178
Miles,Stevenson,"11193526224",102,2026-01-24 20:12:56.126
Chloe,Morales,"15231201089",103,2026-01-25 14:26:02.458
Nolan,Bryant,"11237231563",104,2026-01-25 12:31:28.479
Ethan,Thompson,"15872103166",105,2026-01-25 08:43:26.240
Jace,Smith,"16294525601",106,2026-01-25 15:26:08.995
Michael,Johnson,"18298447327",107,2026-01-25 04:00:19.457
Owen,Sullivan,"11384627468",108,2026-01-25 05:32:30.488
Evan,Wright,"15402265750",109,2026-01-24 21:56:33.496
Avery,Carter,"17605436124",110,2026-01-24 22:46:55.296
Christian,Perez,"18689218864",111,2026-01-25 01:01:01.236
Jackson,Evans,"12339088995",112,2026-01-24 18:47:15.704
Mia,Rodriguez,"16575449508",113,2026-01-25 13:02:27.291
Julian,James,"18547589753",114,2026-01-25 06:03:47.267
Evan,Reed,"16392815438",115,2026-01-25 00:44:32.143
Leo,Rivera,"18496118101",116,2026-01-25 14:32:36.785
Grace,Perry,"15442994228",117,2026-01-25 15:34:17.168
Luna,Russell,"11422893715",118,2026-01-25 08:35:38.994
Aria,Flores,"17853667294",119,2026-01-24 21:24:33.620
Gabriel,Mitchell,"16064505119",120,2026-01-25 05:58:21.618
Elena,Long,"19527965802",121,2026-01-25 02:26:31.041
Zoe,Nicholson,"18183642826",122,2026-01-25 11:54:20.719
Claire,Foster,"18818665991",123,2026-01-25 03:13:18.990
Hannah,Howard,"13532367996",124,2026-01-25 16:15:22.137
Nathan,Reed,"12933946014",125,2026-01-24 23:49:08.205
Lincoln,Kelly,"19316388400",126,2026-01-24 20:25:56.656
Owen,Fisher,"17061368005",127,2026-01-25 13:39:21.131
Emma,Wilson,"14999286498",128,2026-01-25 14:25:15.728
David,Martinez,"15897678868",129,2026-01-25 17:13:42.716
Cameron,Perez,"19274143573",130,2026-01-25 14:24:12.654
Liam,Smith,"17275252111",131,2026-01-25 03:52:31.012
Paisley,Bell,"19069664805",132,2026-01-25 14:59:35.336
Michael,Williams,"19168832440",133,2026-01-25 05:58:05.029
Logan,Lawson,"12998761565",134,2026-01-25 12:33:33.794
Ella,Adams,"15924389562",135,2026-01-24 22:55:46.115
Liam,Gonzalez,"11204069061",136,2026-01-25 02:14:05.747
Avery,Barnes,"19528842173",137,2026-01-25 10:37:36.749
Isabella,Anderson,"13662574179",138,2026-01-24 19:06:34.648
Ava,Harrison,"14206919194",139,2026-01-24 19:29:25.801
Nicholas,Edwards,"11049585912",140,2026-01-25 15:59:02.712
Charlotte,Lopez,"12437966315",141,2026-01-25 10:26:36.676
Cameron,Burke,"14636656093",142,2026-01-25 13:10:56.919
Nathan,Dixon,"17022232399",143,2026-01-25 15:47:43.729
Elena,Baker,"11484929304",144,2026-01-25 13:25:30.519
Eli,Ward,"14278991370",145,2026-01-25 08:07:49.776
Lucas,Allen,"13644933344",146,2026-01-24 21:32:47.099
Nolan,Gonzalez,"13511239933",147,2026-01-25 11:16:40.290
Carter,Rivera,"17422884300",148,2026-01-25 07:45:52.883
Maya,Reed,"19974513369",149,2026-01-25 11:34:10.759
Daniel,Cook,"18491615502",150,2026-01-24 19:15:12.629
Ella,Cook,"11768801360",151,2026-01-25 13:02:06.561
Christopher,West,"19475248728",152,2026-01-25 08:44:50.938
Gabriel,Hayes,"19012812434",153,2026-01-25 11:22:23.944
Aaron,Cook,"15353606541",154,2026-01-25 03:27:57.954
Autumn,Gomez,"19534404035",155,2026-01-25 05:25:03.016
Gabriel,Adams,"15688901336",156,2026-01-25 12:42:58.899
Emily,Brown,"14324959740",157,2026-01-24 23:22:11.951
Aubrey,Wagner,"19724246851",158,2026-01-25 04:19:27.559
Caleb,Nelson,"11139714931",159,2026-01-25 11:47:50.081
Henry,Turner,"11157399731",160,2026-01-25 11:02:07.590
Penelope,Harper,"14261124275",161,2026-01-24 22:05:57.687
Alexander,Hernandez,"19522953844",162,2026-01-25 02:27:12.875
Ryan,Graham,"17752527661",163,2026-01-25 07:09:55.780
Hazel,Gardner,"15294451135",164,2026-01-24 21:54:34.275
Stella,Morris,"17176638016",165,2026-01-24 19:07:05.193
Addison,Ward,"14474949085",166,2026-01-25 13:26:32.564
Ethan,Fletcher,"17145948342",167,2026-01-25 01:40:50.424
Abigail,Rivera,"11833743245",168,2026-01-25 06:53:37.535
Penelope,King,"13249601010",169,2026-01-25 03:17:54.016
Hunter,Gordon,"11154024320",170,2026-01-25 01:58:33.802
Luke,Cooper,"15834223074",171,2026-01-25 12:03:26.747
Logan,Torres,"17412527480",172,2026-01-25 05:51:16.894
Liam,Garcia,"14626291831",173,2026-01-24 21:55:32.765
Mason,Parker,"19912174236",174,2026-01-24 18:03:50.393
Mason,Pearson,"17123874085",175,2026-01-25 01:55:33.915
Leah,Henderson,"19079693396",176,2026-01-25 10:02:05.752
Mila,Hernandez,"18793718818",177,2026-01-24 21:06:03.746
Mateo,Perez,"18923252858",178,2026-01-24 17:42:59.253
Aubrey,Garcia,"17422129086",179,2026-01-25 10:46:07.296
Xavier,Wright,"17792663501",180,2026-01-25 10:27:49.994
Nicholas,Bailey,"18944349613",181,2026-01-25 02:58:43.147
Aaliyah,Martinez,"12807005762",182,2026-01-25 06:43:13.229
Lillian,Simmons,"15307892692",183,2026-01-25 10:40:56.479
Grace,Green,"13257913224",184,2026-01-24 20:33:55.130
Avery,Scott,"15529028640",185,2026-01-24 19:57:22.163
Isabella,Jackson,"14582025189",186,2026-01-25 04:02:16.682
Max,Parker,"17654178939",187,2026-01-25 11:01:38.632
Bella,Gonzalez,"12443686526",188,2026-01-24 19:34:38.136
Zachary,Lee,"15476177888",189,2026-01-25 09:30:42.668
Leah,Gutierrez,"16142081788",190,2026-01-25 16:26:48.362
Noah,Lewis,"15064792243",191,2026-01-25 10:01:13.705
